sample_id,data_name,start,end,predicted_text,target_text
data55_0,data55,0.0,6.04,Chúng ta vừa khép lại phiên thảo luận thứ nhất. Chắc là tôi cũng xin phép tóm tắt sơ.,"Chúng ta vừa khép lại phiên thảo luận thứ nhất, chắc là tôi cũng xin phép tóm tắt sơ qua."
data55_1,data55,6.22,12.32,Có lẽ là từ mạnh mẽ và quyết liệt là những từ khóa mà được nhắc đến nhiều nhất trong phiên thảo luận vĩ mô vừa rồi.,Có lẽ là từ mạnh mẽ và quyết liệt là những từ khóa mà được nhắc đến nhiều nhất trong phiên thảo luận vĩ mô vừa rồi.
data55_2,data55,12.44,19.48,Chúng ta có thể thấy là một thông điệp mà nhà tạo lập chính sách đang gửi tới tất cả các doanh nghiệp và thị trường tài chính.,Chúng ta có thể thấy là một cái thông điệp mà nhà tạo lập chính sách đang gửi tới tất cả các doanh nghiệp và thị trường tài chính.
data55_3,data55,19.48,25.74,Về một chính sách kinh tế hỗ trợ mạnh mẽ toàn diện và nhanh chóng tới nền kinh tế.,"Về một cái chính sách kinh tế hỗ trợ mạnh mẽ, toàn diện và nhanh chóng tới nền kinh tế."
data55_4,data55,25.74,32.1,Trong một cái bối cảnh mà kinh tế thế giới đầy các yếu tố bất định như hiện nay.,Trong một cái bối cảnh mà kinh tế thế giới đầy các yếu tố bất định như hiện nay.
data55_5,data55,32.1,36.68,Lượng Việt Nam có là điểm sáng mới thu hút dòng vốn đầu tư gián tiếp nước ngoài.,Thì liệu Việt Nam có là điểm sáng mới thu hút dòng vốn đầu tư gián tiếp nước ngoài.
data55_6,data55,36.68,42.6,Và liệu chúng ta thị trường tài chính của chúng ta sẽ vươn mình giống như thông điệp.,Và liệu thị trường tài chính của chúng ta sẽ vươn mình giống như thông điệp.
data55_7,data55,42.6,52.2,Mà tổng bí thư đã nhắc đến trong kỷ nguyên vươn mình của chúng ta hay không. Thì hy vọng là phiên thảo luận thứ 2 chúng ta sẽ giải đáp được những vấn đề đó.,Mà Tổng Bí Thư đã nhắc đến trong kỷ nguyên vươn mình của chúng ta hay không thì hy vọng là phiên thảo luận thứ hai chúng ta sẽ giải đáp được những vấn đề đó.
data55_8,data55,53.42,75.13,"Trước tiên là đến với các quý vị viễn giả thì trong một bối cảnh vĩ mô toàn cầu biến động mạnh như hiện nay và nhiều ẩn số với vai trò là một nhà đầu tư tổ chức. Thì quan điểm đầu tư của các anh chị sẽ nghiêng về chiến lược đầu tư, phòng thủ, thận trọng hay là lạc quan, tìm kiếm cơ hội mới. Xin phép câu trả lời đầu tiên gửi tới.","Trước tiên là đến với các quý vị diễn giả. Trong một bối cảnh vĩ mô toàn cầu biến động mạnh hiện nay và nhiều ẩn số với vai trò là một nhà đầu tư tổ chức, thì quan điểm đầu tư của các anh chị sẽ nghiêng về chiến lược đầu tư phòng thủ, thận trọng hay là lạc quan tìm kiếm cơ hội mới? Xin phép câu trả lời đầu tiên gửi tới..."
data55_9,data55,75.67,79.32,Chị Lệ là tổng giám đốc quỹ EOB.,Chị Lệ là Tổng Giám đốc Quỹ IOP.
data55_10,data55,85.16,87.14,Cảm ơn trìu.,Cảm ơn Triều.
data55_11,data55,88.11,97.47,Trong bối cảnh kinh tế vĩ mô toàn cầu hiện tại như là các diễn giả đã trao đổi trong cái phiên thảo luận một thì với tư cách là nhà đầu tư.,Trong bối cảnh kinh tế vĩ mô toàn cầu hiện tại như là các diễn giả đã trao đổi trong cái phim thảo luận 1 thì với tư cách là nhà đầu tư tổ chức.
data55_12,data55,97.47,103.45,Thì chúng tôi nghĩ là cái chiến lược đầu tư thận trọng nó sẽ thích hợp hơn vì còn rất nhiều những cái bất ổn.,Thì chúng tôi nghĩ là cái chiến lược đầu tư thận trọng nó sẽ thích hợp hơn vì còn rất nhiều những cái bất ổn.
data55_13,data55,105.51,113.75,Hiện tại thì đối với lại thị trường Việt Nam thì chúng tôi nghiêng về các cái ngành và các cái công ty.,Hiện tại thì đối với lại thị trường Việt Nam thì chúng tôi nghiêng về các cái ngành và các cái công ty.
data55_14,data55,113.88,124.17,Mà tập trung vào các thế mạnh của kinh tế nội tại của Việt Nam. Và hạn chế đầu tư vào các ngành và công ty liên quan đến xuất khẩu.,Mà tập trung vào các thế mạnh của kinh tế nội tại của Việt Nam và hạn chế đầu tư vào các ngành và các công ty liên quan đến xuất khẩu.
data55_15,data55,124.75,132.31,Tuy nhiên thì chúng tôi cũng chủ động nắm bắt những cơ hội đầu tư tốt khi thị trường giảm.,Tuy nhiên thì chúng tôi cũng chủ động nắm bắt những cơ hội đầu tư tốt khi thị trường giảm sâu.
data55_16,data55,132.61,138.91,Đặc biệt là trong tháng 4 sau khi Mỹ công bố các cái mức thuế đối ứng lên các cái đối tác.,Đặc biệt là trong tháng 4 sau khi Mỹ công bố các mức thuế đối ứng lên các đối tác thương mại.
data55_17,data55,139.61,147.53,Rõ ràng là cái việc thị trường nhàm sâu trong tháng 4 đã đưa định giá của các cái công ty về một cái mức rất là hấp dẫn và đây thực sự là.,Rõ ràng là việc thị trường giảm sâu trong tháng 4 đã đưa định giá của các cái công ty về một cái mức rất là hấp dẫn và đây thực sự là.
data55_18,data55,147.53,155.87,"Cơ hội tốt cho những nhà đầu tư, tổ chức chuyên nghiệp mà có định hướng đầu tư lâu dài như chúng tôi tích lũy mua thêm.",Cái cơ hội tốt cho những cái nhà đầu tư tổ chức chuyên nghiệp mà có cái định hướng đầu tư lâu dài như chúng tôi tích lũy mua thêm.
data55_19,data55,155.97,165.31,Cổ phiếu của các cái công ty tốt và những cái công ty có cái câu chuyện tăng trưởng trong năm nay đặc biệt là như chúng ta đã nghe trong cái phiên thảo luận 1 là khi.,Cổ phiếu của các cái công ty tốt và những cái công ty có cái câu chuyện thăng trưởng trong năm nay. Đặc biệt là như chúng ta đã nghe trong cái phim thảo luận 1 là khi mà.
data55_20,data55,165.31,171.33,Chính phủ đang đẩy mạnh những cái sức mạnh nội tại đầu tư công và cái cách thể chế để.,"Chính phủ đang đẩy mạnh những cái sức mạnh nội tại, đầu tư công và cái cách thể chế để."
data55_21,data55,171.33,175.83,Giúp Việt Nam đạt được cái mức tăng trưởng cao trong năm nay.,Giúp Việt Nam đạt được cái mức tăng trưởng cao trong năm nay.
data55_22,data55,177.55,186.59,Cảm ơn chia sẻ của chị Lệ. Xin hỏi chị Giao với cũng là tư cách một tổng giám đốc một quỹ đầu tư thì quan điểm chị có đồng ý với quan điểm thận trọng của chị Lệ.,Cảm ơn chia sẻ của chị Lệ. Xin hỏi chị Giao với cũng là tư cách một tổng giám đốc một quỹ đầu tư. Thì quan điểm chị có đồng ý với quan điểm thận trọng của chị Lệ không ạ?
data55_23,data55,188.09,196.31,Thực ra thì các quỹ đầu tư thì cũng sẽ khá là tương đồng về cái gọi là philosophy về đầu tư. Thì thực ra là sẽ giống nhau.,Thực ra thì các quỹ đầu tư thì cũng sẽ khá là tương đồng. Về cái gọi là philosophy về đầu tư. Thì thực ra là sẽ giống nhau.
data55_24,data55,196.31,205.61,Thế nhưng mà thực ra ở đây thì tôi nghĩ là ở trong cái khán phòng này của mình thì ngoài các cái nhà đầu tư về quỹ cũng có rất là nhiều nhà đầu tư cá nhân hoặc là doanh nghiệp chẳng hạn.,Thế nhưng mà thực ra ở đây thì tôi nghĩ là. Ở trong cái khán phòng này của mình thì. Thì ngoài các nhà đầu tư về quỹ cũng có rất là nhiều nhà đầu tư cá nhân hoặc là doanh nghiệp chẳng hạn.
data55_25,data55,205.63,211.73,Thì tôi muốn nói ở góc độ nó rộng hơn một chút xíu không phải chỉ liên quan đến mỗi quỹ của chúng tôi.,Thì tôi muốn nói ở góc độ nó rộng hơn một chút xíu không phải chỉ liên quan đến mỗi quỹ của chúng tôi.
data55_26,data55,211.75,219.69,Bởi vì thực ra PVI thì là quản lý tiền đầu tư cho bảo hiểm. Thì bản chất là cái cách đầu tư đã vô cùng thận trọng rồi.,Bởi vì thực ra PVI thì là quản lý tiền đầu tư cho bảo hiểm. Thì bản chất là cái cách đầu tư đã vô cùng thận trọng rồi.
data55_27,data55,219.95,226.73,Thế nhưng mà mình muốn chia sẻ ở đây là cái cách mình ứng xử đối với các cái rủi ro trong thời gian vừa rồi nó là như thế nào.,Thế nhưng mà mình muốn chia sẻ ở đây là cái cách mình ứng xử đối với các cái rủi ro trong thời gian vừa rồi nó là như thế nào.
data55_28,data55,227.27,234.15,Thì thực sự mà nói nếu mà tôi nhớ là cái ngày mùng 2 tháng 4 đúng không ra cái chính sách về thuế như vậy.,Thì thực sự mà nói nếu mà tôi nhớ là cái ngày 2 tháng 4 đúng không? Ra cái chính sách về thuế như vậy.
data55_29,data55,234.43,241.66,Thì thực sự là rất là choáng cho tất cả các quỹ đầu tư. Tôi không biết các anh chị ở đây như thế nào nhưng mà không ai lường được cái chuyện đó.,Thì thực sự là rất là rất là chóng cho tất cả các quỹ đầu tư. Tôi không biết các anh chị ở đây như thế nào nhưng mà không ai lường được cái chuyện đó.
data55_30,data55,241.92,256.55,Và sau đó tôi nhớ là chỉ khoảng mấy ngày thôi. Không nhớ là hình như mùng 6 tháng 4 chính Việt Nam Bits là muốn có một cái gọi là round table để gọi là mời các cái chuyên gia để thảo luận về cái ảnh hưởng của cái chính sách thuế đấy.,"Và sau đó tôi nhớ là chỉ khoảng mấy ngày thôi, không nhớ là hình như mùng 6 tháng 4, chính Việt Nam BIS là muốn có một cái gọi là round table để gọi là mời các cái chuyên gia để thảo luận về cái ảnh hưởng của cái chính sách thuế đấy."
data55_31,data55,256.61,265.91,"Đến thị trường Việt Nam, đến vĩ mô Việt Nam và đến thị trường trứng khoán. Thì thực sự là gọi đến tất cả các anh chị không ai dám đơn hình. Thực sự là các anh ở đây phải chia sẻ với mọi người như vậy.","Đến thị trường Việt Nam, đến vĩ mô Việt Nam. Và đến thị trường chứng khoán. Thì thực sự là gọi đến tất cả các anh chị. Không ai dám lên hình. Thực sự là ở đây phải chia sẻ với mọi người như vậy."
data55_32,data55,265.91,275.11,"Có thể mọi người nghĩ là quỹ đầu tư sẽ chủ động hơn rất nhiều, sẽ không cảm thấy là sốc hay là như thế nào. Nhưng thực sự những cái biến động mạnh đấy nó tác động tất cả.",Bởi vì có thể mọi người nghĩ là quỹ đầu tư. Sẽ chủ động hơn rất nhiều. Sẽ không cảm thấy là sốc hay là như thế nào. Nhưng thực sự những cái biến động mạnh đấy. Nó tác động tất cả.
data55_33,data55,275.41,283.67,Và mọi người đều phải xem xét lại hết. Và ngay cả cái lúc đấy mà để mà bảo đưa ra một cái nhận xét như thế nào ra công chúng tất nhiên nội bộ.,Và mọi người đều phải xem xét lại hết. Và ngay cả cái lúc đấy mà để mà bảo đưa ra. Một cái nhận xét như thế nào. Ra công chúng tất nhiên nội bộ.
data55_34,data55,283.67,293.87,Thì chúng tôi sẽ phải ngồi lại để xem là cái ứng phó của mình nên như thế nào. Nhưng thực sự là nó là những cái biến động mà rất là kinh khủng. Thế thì qua cái biến động đấy thì chúng ta sẽ làm gì ạ.,Thì chúng tôi sẽ phải ngồi lại để xem là. Cái ứng phó của mình nên như thế nào. Nhưng thực sự là nó là những cái biến động. Mà rất là kinh khủng. Thế thì qua cái biến động đấy. Thì chúng ta sẽ làm gì ạ.
data55_35,data55,294.07,302.53,Thực ra là nếu mà xét về góc độ đầu tư thì nếu mà nếu bạn là quản lý thì bạn sẽ phải xem lại là cái chiến lược kinh doanh của mình thế nào.,Thì thực ra là nếu mà xét về góc độ đầu tư. Thì nếu bạn là quản lý. Thì bạn sẽ phải xem lại là cái chiến lược. Kinh doanh của mình như thế nào.
data55_36,data55,302.53,309.77,Điều chỉnh ra làm sao và ứng phó như thế nào thì cái đấy làm về mặt lý thuyết nhưng mà đối với đầu tư thì bọn tôi phải làm một cái việc hơn nữa là.,Điều chỉnh ra làm sao. Và ứng phó như thế nào thì cái đấy là về mặt lý thuyết. Nhưng mà đối với đầu tư thì bọn tôi phải làm. Một cái việc hơn nữa là.
data55_37,data55,311.35,320.79,"Khi mà bọn tôi đánh giá các doanh nghiệp ngoài những vấn đề liên quan đến là các chính sách thuế đấy sẽ ảnh hưởng đến ngành nghề nào, đến doanh nghiệp nào để mình thực sự là mình.",Khi mà bọn tôi đánh giá. Các cái doanh nghiệp ngoài những cái vấn đề liên quan đến là. Các chính sách thuế đấy sẽ ảnh hưởng đến ngành nghề nào. Đến doanh nghiệp nào. Để mình thật sự là mình thận trọng.
data55_38,data55,320.79,330.85,Mình dừng các cái quyết định đầu tư tại thời điểm đấy đi đã. Và mình quan sát tiếp xem là cái việc các cái doanh nghiệp đấy người ta ứng phó với những biến động này như thế nào.,Và mình dừng các quyết định đầu tư. Tại thời điểm đấy đi đã. Và mình quan sát tiếp xem là. Cái việc các doanh nghiệp đấy. Người ta ứng phó với những biến động này như nào.
data55_39,data55,330.85,339.73,Cái đó mới là cái quan trọng. Cái đó mới là cái vấn đề là phát triển bền vững. Bởi vì thực ra là như mọi người cũng đã nói rồi. Là bây giờ tất cả cái biến động này.,Cái đó mới là cái quan trọng. Cái đó mới là cái vấn đề là phát triển bền vững. Bởi vì thật ra là. Như mọi người cũng đã nói rồi. Là bây giờ tất cả cái biến động này.
data55_40,data55,340.13,348.31,Như phiên 1 thì các anh chị nói là không ai dự án được quá 6 tháng. Và những biến động nó xảy ra hàng ngày. Thì bây giờ cái sự bất định nó là sự bình thường mới.,Như phiên 1 thì các anh chị nói là không ai dự quán được. Quá 6 tháng. Và những biến động nó xảy ra hàng ngày. Thì bây giờ cái sự bất định nó là một sự bình thường mới rồi.
data55_41,data55,348.51,355.47,Thua bây giờ doanh nghiệp nào là doanh nghiệp có thể ứng phó đấy linh hoạt nhất bền vững nhất và có một cái sự chủ động.,"Thì ăn thua bây giờ doanh nghiệp nào là doanh nghiệp có thể ứng phó đấy linh hoạt nhất, bền vững nhất và có một cái sự chủ động nhất định."
data55_42,data55,355.87,359.43,Tôi nhớ là trong cái thời điểm đấy có một cái doanh nghiệp như về thủy sản.,Thì tôi nhớ là trong cái thời điểm đấy có một cái doanh nghiệp như về thủy sản.
data55_43,data55,359.73,368.03,Họ đã đưa ngay ra một cái nhận xét được là nếu như mức thuế 4-6% này thì ảnh hưởng đến lợi nhuận của tôi sẽ là 15-30%.,Là họ đã đưa ngay ra một cái nhận xét được là nếu như mức thuế 4-6% này thì ảnh hưởng đến lợi nhuận của tôi sẽ là 15-30%.
data55_44,data55,368.47,374.77,Nhưng thực sự thì có ảnh hưởng đến thế không? Chưa chắc họ đã đưa ra trường hợp wood-cane và họ đã tính được ngay.,Nhưng thực sự thì có ảnh hưởng đến thế không? Chưa chắc. Họ đã đưa ra trường hợp Woodskate và họ đã tính được ngay.
data55_45,data55,374.97,383.51,Điều đấy cho thấy là doanh nghiệp rất là chủ động trong việc ứng phó với thị trường. Thì quay trở lại câu hỏi vừa rồi chiều đưa ra.,Điều đấy cho thấy được là cái doanh nghiệp đấy rất là chủ động trong cái việc ứng phó với thị trường. Thì quay trở lại cái câu hỏi mà vừa rồi Triều có đưa ra ấy.
data55_46,data55,383.71,393.07,Thì nó liên quan đến hai phần. Phần thứ nhất về mặt ngắn hạn. Chắc chắn những cái quyết định đầu tư. Phải review lại ngay lập tức. Để xem là những cái gì. Chúng ta có thể tiếp tục đầu tư.,Thì nó liên quan đến 2 phần. Phần thứ nhất về mặt ngắn hạn chắc chắn những cái quyết định đầu tư phải review lại ngay lập tức. Để xem là những cái gì chúng ta có thể tiếp tục đầu tư.
data55_47,data55,393.27,401.89,Những cái gì chúng ta có thể tối ưu trong ngắn hạn và tận dụng những cái. Thực ra đối với PVI bọn tôi là sẽ phải kinh doanh tiền tệ trên những cái nền tảng nó an toàn.,Những cái gì chúng ta có thể tối ưu trong ngắn hạn và tận dụng những cái. Thực ra đối với PVI bọn tôi là sẽ phải kinh doanh tiền tệ trên những cái nền tảng. Nó an toàn nhất.
data55_48,data55,402.19,410.75,Khi đợi những cái điều kia mình phải dừng lại để mình xem xem là tác động mức độ nó như thế nào và sau đó thì mình quan sát những cái doanh nghiệp nào là những doanh.,Trong khi đợi những cái deal kia mình phải dừng lại. Để mình xem là tác động mức độ nó như thế nào. Và sau đó thì mình quan sát. Những cái doanh nghiệp nào là những doanh nghiệp.
data55_49,data55,410.75,418.27,Có thể ứng phó về mặt dài hạn được thì cái việc tiếp tục giải ngân cho những doanh nghiệp như thế thực ra là nó sẽ không bị dừng lại. Đấy là cái câu trả lời của tôi.,Người ta có thể ứng phó về mặt giải hạn được. Thì cái việc tiếp tục giải ngân cho những doanh nghiệp như thế. Thực ra nó sẽ không bị dừng lại. Đấy là cái câu trả lời của tôi.
data55_50,data55,419.37,430.13,Cảm ơn những chia sẻ rất là chi tiết và thực tế từ chị Giao. Thực tế là theo trao đổi của chị Lệ và chị Giao thì hiện nay là yếu tố bất định về mặt thuế quan vẫn là nhân tố mà.,Cảm ơn những chia sẻ rất là chi tiết. Và thực tế từ chị Giao. Thực tế là theo trao đổi của chị Lệ. Và chị Giao thì hiện nay là yếu tố. Bất định về mặt thuế quan vẫn là nhân tố mà.
data55_51,data55,430.71,444.51,"Các quỹ đầu tư cân nhắc nhiều nhất trong việc là phân bổ chỉ lúc đầu tư trong 6 tháng tới thì với vai trò là một quỹ đầu tư nước ngoài không chỉ phân bổ tài sản trên thị trường Việt Nam. Mà còn phân bổ trên tài sản trên các thị trường của các nước, các khu vực.","Các quỹ đầu tư cân nhắc nhiều nhất trong việc là phân bổ chiến lược đầu tư trong 6 tháng tới. Với vai trò là một quỹ đầu tư nước ngoài không chỉ phân bổ tài sản trên thị trường Việt Nam mà còn phân bổ tài sản trên các thị trường của các nước, các khu vực."
data55_52,data55,444.6,455.52,Thì anh Hoài Anh có thể chia sẻ liệu cái chiến lược đầu tư và cái quan điểm đầu tư trong vòng 6 tháng tới của anh có tương đối là chia sẻ với chị Lệ và chị Giao không ạ?,Thì anh Hoài Anh có thể chia sẻ liệu cái chiến lược đầu tư và cái quan điểm đầu tư trong vòng 6 tháng tới của anh có tương đối là chia sẻ với chị Lệ và chị Giao không ạ?
data55_53,data55,459.34,469.73,Bản thân mình thì cũng đã từng đầu tư và cho vay các doanh nghiệp Việt Nam khoảng 20 tỷ đô la trong vòng khoảng 20 năm vừa xong.,Bản thân mình thì cũng đã từng đầu tư và cho vay các doanh nghiệp Việt Nam khoảng 20 tỷ đô la trong vòng khoảng 20 năm vừa xong.
data55_54,data55,470.22,490.52,Thì tất cả những khoản đầu tư đó thì là đều thành công cả nhưng mà thành công nhất là khi mà thời điểm mà khó khăn nhất thì ở Việt Nam thì mình lấy một cái ví dụ. Ví dụ là 2012 chắc mọi người biết là lúc đó là cái vay liên ngân hành nó khoảng hơn 20% và lúc đó thì là các doanh nghiệp bất động sản thì rất là khó khăn.,"Thì tất cả những khoản đầu tư đó thì đều thành công cả, nhưng mà thành công nhất là khi mà thời điểm khó khăn nhất là Việt Nam. Thì mình lấy một cái ví dụ, ví dụ là 2012, chắc mọi người biết là lúc đó là cái vai liên ngân hành nó khoảng hơn 20%. Và lúc đó thì là các doanh nghiệp bất động sản rất là khó khăn trong vấn đề."
data55_55,data55,491.6,502.94,Và tại thời điểm đó thì. Vincom Group lúc đó. Thì đang định là đầu tư cái khu. Mà Vincom Village bây giờ tại. Bên kia Lòng Biển.,Tại thời điểm đó thì Vincom Group lúc đó đang định là đầu tư khu Vincom Village bây giờ tại bên kia Long Biên.
data55_56,data55,503.18,510.82,Thì thời điểm đó thì không ai cho vay cả. Thậm chí có những nhà ngân hàng trong nước và nước ngoài thì cũng rút các khoản vay đối với ở Village trong thời điểm đó.,"Thời điểm đó thì không ai cho vay cả, thậm chí có những nhà ngân hàng trong nước và nước ngoài thì cũng rút các quản vay đối với Vincom Village trong thời điểm đó."
data55_57,data55,511.2,517.28,Thì bọn mình có đưa ra một cái phương án đầu tư tại thểm đó thì cũng rất là thận trọng.,Thì bọn mình có đưa ra một phương án đầu tư tại thời điểm đó thì cũng rất là thân trọng.
data55_58,data55,517.48,527.72,Nghe lời lúc đó nghĩ rằng là nếu mà giá một mét vuông của Vietcom Village tại thời điểm 2012 mà nó khoảng là 20 nghìn triệu một mét vuông thì đã là thành công.,Lúc đó nghĩ rằng là nếu mà giá một mét vuông của Vincom Village tại thời điểm 2012 nó khoảng là 20 triệu một mét vuông thì đó là thành công rồi.
data55_59,data55,528.1,533.44,Thì các bạn biết là ngày hôm nay. Viên con village nó là khoảng là. 300-350 triệu mặt vuông.,Thì các bạn biết là ngày hôm nay Vincom Village nó là khoảng là 300-350 triệu một mét vuông.
data55_60,data55,533.9,539.68,Và cái thời điểm đó thì tất nhiên là khi đó thì rất là khó khăn trong vấn đề huy động.,Thì và cái thời điểm đó thì tất nhiên là khi đó thì rất là khó khăn trong vấn đề huy động vốn.
data55_61,data55,539.86,547.26,Thì bọn mình cũng đưa ra một phương án bay vốn rất là cao và tỷ suất lợi nhuận khoảng 20% một năm thì nó rất là thành công.,Thì bọn mình cũng đưa ra một cái phương án bay vốn rất là cao và cái tỷ suất lợi nhuận nó khoảng 20% một năm thì nó rất là thành công.
data55_62,data55,547.78,564.82,"Và cũng tại thời điểm đó thì là năm 2013, đầu năm 2013 tức là thời điểm đó rất là khó khăn. Mà sau khi một loạt sự kiện của các ngân hàng ACB, là khủng hoảng của các ngân hàng tư nhân Việt Nam thì hầu như cái khả năng cho vay ở thị trường Việt Nam rất là thấp.","Và cũng tại thời điểm đó thì là năm 2013, đầu năm 2013 thì là thời điểm nó rất là khó khăn mà sau khi một loạt sự kiện của các ngân hàng ACB, khủng hoảng của các ngân hàng tư nhân Việt Nam thì hầu như cái khả năng cho vay ở thị trường Việt Nam rất là thấp."
data55_63,data55,565.22,571.88,Và lúc đó thì bọn mình có tham gia một cái đầu tư vào. Cũng vẫn là Vietcom Retail.,Và lúc đó thì bọn mình có tham gia một cái đầu tư vào cũng vẫn là Vincom Retail.
data55_64,data55,572.28,581.98,Thời điểm đó thì định giá vincon retail nó khoảng một tỷ đô la tại thời điểm 2013 và hầu như không ai tham gia để đầu tư cả thì bọn mình đầu tư khoảng 300 triệu đô la ở thời điểm.,Thì tại thời điểm đó thì định giá Vincom Retail nó khoảng 1 tỷ đô la. Tại thời điểm 2013 và hầu như không ai tham gia để đầu tư cả. Thì bọn mình đầu tư khoảng 300 triệu đô la vào thời điểm đó.
data55_65,data55,582.56,589.08,Thì 2016 tức là khoảng 4 năm sau thì IPO thì nó khoảng 4 tỷ.,Thì 2016 tức là khoảng 4 năm sau thì IPO thì nó khoảng 4 tỷ rưỡi.
data55_66,data55,589.48,593.48,Trong vòng 4 năm thì nó tăng lên khoảng là 400%.,Tức là trong vòng 4 năm thì nó tăng lên khoảng là 400%.
data55_67,data55,594.24,612.71,Thì đấy là những cái thành công mà không phải đối với cả đầu tư ở Việt Nam mà tại khu vực châu Á nói chung thì là những cái mà mình. Chiêm nghiệm lại thì những cái khoản đầu tư trong thời điểm khó khăn nhất của Việt Nam thì lại là thời điểm mà là thành công nhất của những khoản đầu tư của bọn mình.,Thì đấy là những cái thành công mà không phải đối với cả đầu tư tại Việt Nam mà tại khu vực châu Á. Nói chung thì là những cái mà mình chiêm nghiệm lại thì những cái khoản đầu tư trong thời điểm khó khăn nhất của Việt Nam thì lại là những thời điểm mà là thành công nhất của những khoản đầu tư của bọn mình.
data55_68,data55,613.17,630.03,Thế thì ngay cả thân biên rồng mọi người cũng nói rất là khó khăn và các nhà đầu tư họ cũng rất là thận trọng. Nhưng nếu như là ở ai đây mà có một khoản đầu tư cần khoảng 200 triệu đô la thì bọn mình cũng rất là sẵn sàng đầu tư. Tuy nhiên điều đó thì thực ra các quỹ đầu tư thì hoặc là các ngân hàng thì không có gì khác ngoài tiền.,Thế thì ngay cả thân biên dòng mọi người cũng nói rất là khó khăn và các nhà đầu tư họ cũng rất là tận trọng. Nhưng nếu như là ở ai đây mà có một cơ khoản đầu tư mà cần khoảng 200 triệu đô la thì bọn mình cũng rất là sẵn sàng đầu tư. Thế nhưng điều đó thì thực ra các quỹ đầu tư hoặc các cân hàng thì không có gì khác ngoài tiền cả.
data55_69,data55,630.17,640.32,"Tất nhiên là tiền của nhà đầu tư, tiền của nhà người tất nhiên là mình sẽ phải thận trọng trong khoản đầu tư nhưng mà thực ra đối với các ngân hàng và các quỹ đầu tư thì tại thời điểm này cái khó khăn nhất là giải ngân.","Tất nhiên là tiền của nhà đầu tư, tiền của nhà người, tất nhiên là mình sẽ phải tận trọng cho quản đầu tư. Nhưng mà thực ra đối với các ngân hàng và các quỹ đầu tư thì tại thời điểm này cái khó khăn nhất là giải ngân."
data55_70,data55,640.34,647.2,Chứ không phải rằng là có muốn đầu tư hay không. Tại vì là tìm vào doanh nghiệp nào để mà đầu tư thì đấy là một cái rất là khó khăn.,"Chứ không phải rằng là có muốn đầu tư hay không, tại vì là tìm vào doanh nghiệp nào để mà đầu tư thì đấy là một cái rất là khó khăn."
data55_71,data55,647.44,653.38,Nhưng mình thì tóm lại thì là đối với mình thì là.,Nhưng mình thì tóm lại thì là đối với mình thì là.
data55_72,data55,653.38,662.66,Thời điểm này mình rất là mong muốn có một cơ hội đầu tư và nhưng mà vấn đề là các doanh nghiệp bản thân họ cũng không đưa ra những cái phương án để đầu tư.,"Tại thời điểm này mình rất là mong muốn có một cơ hội đầu tư, nhưng mà vấn đề là các doanh nghiệp bản thân họ cũng không đưa ra những cái phương án để đầu tư."
data55_73,data55,662.84,672.4,"Thì mình nghĩ là nếu như mà các doanh nghiệp họ chủ động trong vấn đề họ tiếp xúc, họ đưa ra các phương án đầu tư thì mình nghĩ tại thời điểm này thì nó rất là.","Thế nên là mình nghĩ là nếu như mà các doanh nghiệp họ chủ động trong vấn đề họ tiếp xúc, họ đưa ra các phương án đầu tư thì mình nghĩ tại thời điểm này thì nó rất là khuất lợi."
data55_74,data55,672.6,687.84,Đặc biệt là như là mọi người vừa xong cũng đã nói là chưa bao giờ bản thân mình là người đã từng tham gia đầu tư ở Việt Nam. Đầu tư khoảng ngần 30 năm vừa xong thì chưa bao giờ Việt Nam mà cái điều kiện nội tại mà tốt như bây giờ về mặt chính sách.,"Đặc biệt là như mọi người vừa xong cũng đã nói là chưa bao giờ bản thân mình là người đã từng tham gia đầu tư ở Việt Nam, đầu tư khoảng gần 30 năm vừa xong thì chưa bao giờ Việt Nam mà cái điều kiện nội tại mà tốt như bây giờ về mặt chính sách."
data55_75,data55,689.68,699.86,Tất nhiên có một cái điểm rất là đáng tiếc là cái thời điểm bây giờ thì là cái lúc mà có cái vấn đề của cái vấn đề tariff nó ảnh hưởng đến cái xuất khẩu của Việt Nam.,"Đấy, tất nhiên có một cái điểm rất là đáng tiếc là cái thời điểm bây giờ thì là cái lúc mà có cái vấn đề của cái vấn đề tariff nó ảnh hưởng đến cái xuất khẩu của Việt Nam."
data55_76,data55,699.86,712.7,Nhưng mà thường những thời điểm như bây giờ thì các doanh nghiệp Việt Nam lại có cái lợi rất lớn là tập trung vào cái thị trường nội địa mà như cái diễn đàn trước đây đã nói là cái đầu tư công.,Nhưng mà thường những thời điểm như bây giờ thì các doanh nghiệp Việt Nam lại có cái lợi rất lớn là tập trung vào cái thị trường đồ địa mà như cái diễn đàn trước đây đã nói là cái đầu tư công đấy.
data55_77,data55,712.7,721.06,"Mở ra một cơ hội rất lớn cho các doanh nghiệp trong nước để họ làm, đặc biệt là trong các lĩnh vực liên quan đến đầu tư công, rồi là tiêu dùng trong nội địa.",Thì sẽ mở ra một cơ hội rất lớn cho các doanh nghiệp trong nước để họ làm thặc biệt là trong các lĩnh vực liên quan đến đầu tư công rồi là tiêu dùng trong nội địa.
data55_78,data55,721.06,728.76,Thì mình nghĩ đây là một cơ hội rất là tốt và mình nghĩ là tất cả các nhà đầu tư họ rất là quan tâm đến thị trường Việt Nam và cơ hội đầu tư Việt Nam.,Thì mình nghĩ là đây là một cơ hội rất là tốt và mình nghĩ là tất cả các nhà đầu tư họ đều rất là quan tâm đến thị trường Việt Nam và cơ hội đầu tư Việt Nam.
data55_79,data55,728.76,733.46,Rằng là tìm nó ở đâu hơn là có ai quan.,Vấn đề là tìm nó ở đâu hơn là có ai quan tâm hay không.
data55_80,data55,736.92,745.56,Cảm ơn anh Hoài Anh. Nghe xong thì em cũng thấy rất là lạc quan. Có nghĩa là Việt Nam trong con mắt của các nhà đầu tư nước ngoài. Việt Nam vẫn là một điểm đến hấp dẫn.,Cảm ơn anh Hoài Anh. Nghe xong thì em cũng thấy rất là lạc quan có nghĩa là Việt Nam trong con mắt của các nhà đầu tư nước ngoài. Việt Nam vẫn là một điểm đến hấp dẫn.
data55_81,data55,745.76,753.94,Và thực tế là quan trọng là doanh nghiệp tài sản đó như thế nào còn bất cứ trong điều kiện thị trường như thế nào thì đều có những cơ hội đầu tư tiềm ẩn.,Và thực tế là quan trọng là doanh nghiệp. Tức là cái tài sản đó nó như thế nào. Còn bất cứ trong điều kiện thị trường như thế nào. Thì đều có những cơ hội đầu tư tiềm mận.
data55_82,data55,756.24,764.84,Các kênh đầu tư thì thị trường chứng khoán theo khảo sát của Việt Nam Bít thì 81% đầu tư vẫn lựa chọn cổ phiếu là một kênh đầu tư và phân bổ tài sản.,Trong các kênh đầu tư thì thị trường trừng khoán. Theo khảo sát của Việt Nam biết. Thì 81% đầu tư vẫn lựa chọn cổ phiếu. Là một kênh đầu tư và phân bộ tài sản.
data55_83,data55,765.04,772.62,Mặc dù là chúng ta cũng biết là thị trường chứng khoán vừa trải qua một cú sốc vào đầu tháng 4 sau đó là một cái mức tăng rất là ấn tượng.,Mặc dù là chúng ta cũng biết là thị trường trừng khoán. Vừa trải qua một cú sốc vào đầu tháng 4. Sau đó là một cái mức tăng rất là ấn tượng.
data55_84,data55,772.53,777.36,Cần 275 điểm trong vòng tương ứng 20% trong vòng 1 tháng.,Gần 275 điểm trong vòng từ 20% trong vòng một tháng.
data55_85,data55,777.38,803.25,"Với cái mức biến động lớn như thế này, tức là trong đầu tư chúng ta cũng biết là biến động thì đồng nghĩa với rủi ro. Tuy nhiên là theo khảo sát thì nhà đầu tư hiện nay vẫn đang rất quan tâm đến chứng khoán. Em xin phép hỏi chị Kim Anh. Chị Kim Anh là giám đốc đầu tư của Vietcombankfund. Mọi người cũng biết là Vietcombankfund là một trong những quỹ mà có performance trên thị trường cổ phiếu tốt nhất thị trường. Có một người đàn bà rất là, một người phụ nữ rất là.","Với mức biến động lớn như thế này, trong đầu tư chúng ta cũng biết biến động đồng nghĩa với rủi ro. Tuy nhiên theo khảo sát, nhà đầu tư hiện nay vẫn đang rất quan tâm đến trừng khoán. Em xin phép hỏi chị Kim Anh, chị Kim Anh là giám đốc đầu tư của Vietcombank Fund. Mọi người cũng biết là Vietcombank Fund là một trong những quỹ có performance trên thị trường, cổ phiếu tốt nhất thị trường. Một người đàn bà rất là, một người phụ nữ rất là..."
data55_86,data55,803.52,809.34,Giỏi tài giỏi và bản lĩnh vì thực sự là phụ nữ mà đầu tư chứng khoán thì chắc là các anh chị cũng biết.,"Giỏi, tài giỏi và bản lĩnh. Vì thực sự là phụ nữ mà đầu tư trừng khoán thì chắc là các anh chị cũng biết rồi."
data55_87,data55,810.0,815.04,Thì em xin phép hỏi chị Kim Anh là với diễn biến vừa rồi của thị trường chứng khoán.,Thì em xin phép hỏi chị Kim Anh là với diễn biến vừa rồi của thị trường trừng khoáng.
data55_88,data55,815.24,820.08,Qua điểm của chị về diễn biến tiếp theo của thị trường trong 6 tháng cuối năm như thế nào.,Thì quan điểm của chị về diễn biến tiếp theo của thị trường trong 6 tháng cuối năm như thế nào ạ?
data55_89,data55,821.58,830.16,Thực ra là nếu như mà các nhà đầu tư đã có đầu tư vào các quỹ của VCBS hoặc là cũng đã có theo dõi các buổi livestream của chúng tôi.,Thì thực ra là nếu như mà các nhà đầu tư đã có đầu tư vào các quỹ của VCBF hoặc là cũng đã có theo dõi các cái buổi live stream của chúng tôi.
data55_90,data55,830.48,851.38,Chắc các quý vị cũng biết là VCBF thì đi theo cái đường hối lạ đầu tư cơ bản. Thực ra thì chúng tôi cũng chưa bao giờ dự đoán được thị trường không cố làm cái việc mà chắc chắn là mình sẽ không thể làm được hoặc là không thể làm tốt. Thế nhưng mà có một điều mà tôi và cũng như là các đồng nghiệp của tôi ở VCBF thì đều chắc chắn rằng là.,"Chắc các quý vị cũng biết là VCBF đi theo đường đầu tư cơ bản. Thực ra thì chúng tôi cũng chưa bao giờ dự đoán được thị trường, không cố làm cái việc mà chắc chắn là mình sẽ không thể làm được hoặc là không thể làm tốt. Nhưng mà có một điều mà tôi và cũng như là các đồng nghiệp của tôi ở VCBF đều chắc chắn rằng là chúng tôi sẽ không thể làm được."
data55_91,data55,851.75,861.24,Trong năm nay cũng như là trong năm sau thì chắc chắn là ẩn số thì còn quá nhiều các cái sự không chắc chắn là chắc chắn là còn quá nhiều.,Trong năm nay cũng như là trong năm sau thì chắc chắn là ẩn số thì còn quá nhiều các cái sự không chắc chắn chắc chắn là còn quá nhiều
data55_92,data55,861.66,872.08,"Có thể là trong khoảng một tháng gần đây đúng không ạ, thì chúng ta luôn nhận được những cái tin rất là tích cực từ phía chính phủ Việt Nam hay là chính phủ Hoa Kỳ về cái tiến trình mà.","Có thể là trong khoảng một tháng gần đây, chúng ta luôn nhận được những tin rất là tích cực từ phía Chính phủ Việt Nam hay là Chính phủ Hoa Kỳ về tiến trình mà..."
data55_93,data55,872.28,880.82,Còn là thỏa thuận thương mại để mà đạt được một cái mức thuế quan nào đấy mà hợp lý cho Việt Nam thế tuy nhiên là.,Gọi là thỏa thuận thương mại để mà đạt được một cái mức thuế quan nào đấy mà hợp lý cho Việt Nam thì tuy nhiên là.
data55_94,data55,881.3,889.56,Liệu là nó có đúng như mình kỳ vọng hay không thì cũng chưa có ai chắc chắn cả và thực ra là cứ cho là Việt Nam có thể có những cái bước tiến tích cực.,Liệu là nó có đúng như mình kỳ vọng hay không thì cũng chưa có ai chắc chắn cả và thực ra là cứ cho là Việt Nam có thể có những cái bước tiến tích cực đi.
data55_95,data55,889.56,899.56,Thì mình cũng vẫn còn bị ảnh hưởng bởi những nước khác nữa. Và gần đây thì chúng ta cũng thấy rằng là. Giữa Mỹ và Trung Quốc hay Mỹ và châu Âu đúng không ạ. Hôm nay thì có vẻ là có tin.,Thì mình cũng vẫn còn bị ảnh hưởng bởi những nước khác nữa và gần đây thì chúng ta cũng thấy rằng là giữa Mỹ và Trung Quốc hay Mỹ và châu Âu hôm nay thì có vẻ là có tin tích cực.
data55_96,data55,899.58,905.41,Đến ngày mai thì lại có vẻ rất là tiêu cực. Mọi thứ lại trở nên gọi là bi quan hơn.,"Đến ngày mai thì lại có vẻ rất là tiêu cực, lại rất là mọi thứ lại trở nên gọi là bi quan hơn."
data55_97,data55,905.53,914.97,Thì mỗi một khi mà có những cái thông tin như vậy ra thị trường thì tôi nghĩ là thị trường đều có biến động. Tất nhiên là có thể là nó sẽ không có những cái biến động mạnh như là cái ngày mùng 2 tháng 4 khi mà có.,Thì mỗi một khi mà có những cái thông tin như vậy ra thị trường thì tôi nghĩ là thị trường đều có biến động. Tất nhiên là có thể là nó sẽ không có những cái biến động mạnh như là cái ngày 2 tháng 4 khi mà có.
data55_98,data55,915.22,921.33,Một cái thông báo mà chắc là đúng là cả thế giới không có ai nghĩ đến. Trừ cái nhóm của Trump ra thì chắc không có ai nghĩ đến việc đấy cả.,"Một cái thông báo mà chắc là đúng là cả thế giới không có ai nghĩ đến, trừ cái nhóm của Trump ra thì chắc không có ai nghĩ đến được đấy cả."
data55_99,data55,921.56,929.76,"Nhưng mà chắc chắn là sẽ còn có nhiều những cái tuyên bố, nhiều những cái thông báo, nhiều những cái chính sách mà nó sẽ không...","Thế nhưng mà chắc chắn là sẽ còn có nhiều những cái tuyên bố, nhiều những cái thông báo, nhiều những cái chính sách mà nó sẽ không."
data55_100,data55,929.8,936.62,Theo cái suy nghĩ của mọi người và thị trường thì sẽ dựa trên những cái đấy để mà phản ứng có thể là rất là tích cực và cũng có thể là tiêu cực.,Theo cái suy nghĩ của mọi người và thị trường thì sẽ dựa trên những cái đấy để mà phản ứng có thể là rất là tích cực và cũng có thể là tiêu cực.
data55_101,data55,937.58,947.02,Thì đối với cả VCBF chính vì là như thế nên là từ trước đến nay thì bản thân thì cái lần biến động này cũng là một lần biến động rất lớn.,Thế nhưng thì đối với cả VCBF chính vì làm như thế nên là từ trước đến nay thì bản thân thì cái lần biến động này cũng là một lần biến động rất lớn nhưng mà thực ra.
data55_102,data55,947.25,957.39,Trải qua 20 năm của thị trường thì cũng không phải là lần duy nhất đúng không ạ. Gần đây nhất là Covid thì thị trường cũng sụt giảm rất là kinh khủng và sau đấy thì cũng lại hồi phục.,"Chúng ta đã trải qua 20 năm của thị trường, cũng không phải là lần duy nhất. Gần đây nhất là Covid, thị trường cũng sụt giảm rất là kinh khủng và sau đấy cũng lại hồi phục lại."
data55_103,data55,957.71,967.43,"Cái quan trọng nhất nó cũng vẫn là cái nền tảng của doanh nghiệp. Doanh nghiệp nào có thể chống chịu được, doanh nghiệp nào có thể vượt qua được những cái khó khăn đấy nhanh nhất.","Vậy thì cuối cùng thì cái quan trọng nhất nó cũng vẫn là cái nền tảng của doanh nghiệp thôi ạ. Doanh nghiệp nào có thể chống chịu được, doanh nghiệp nào có thể vượt qua được những cái khó khăn đấy nhanh nhất."
data55_104,data55,967.76,974.44,Và có những cái gọi là lộ trình phát triển mà ổn định nhất thế thì cái cách làm đầu tư của VCB.,Và có những cái gọi là lộ trình phát triển mà ổn định nhất. Thế thì cái cách làm đầu tư của VCBET.
data55_105,data55,974.44,982.46,Thì từ trước đến nay vẫn là theo cái philosophy hay là cái triết lý đấy là lựa chọn những cái doanh nghiệp mà họ có cái nền tảng.,Thì từ trước đến nay vẫn là theo cái philosophy hay là cái triết lý đấy là lựa chọn những cái doanh nghiệp mà họ có cái nền tảng tốt.
data55_106,data55,982.56,992.2,Họ có những cái sản phẩm mà có khả năng cạnh tranh trên thị trường và ban lãnh đạo là có thể là rất là nhanh nhạy này để mà họ có thể ứng phó được với.,Họ có những cái sản phẩm mà có khả năng cạnh tranh trên thị trường và ban lãnh đạo là có thể là rất là nhanh nhạy này để mà họ có thể ứng phó được với những cái.
data55_107,data55,992.92,1002.58,Diễn tiến bất lợi và cũng như là tận dụng được các cái cơ hội thế thì khi mà có những cái thay đổi như thế trên thị trường thì VCBF cũng nhìn chung là đội ngũ.,Diễn biến bất lợi cũng như là tận dụng được các cái cơ hội thì khi mà có những cái thay đổi như thế trên thị trường thì VCBF cũng nhìn chung là đội ngũ đầu tư.
data55_108,data55,1002.68,1012.32,Thì cũng rất là bình tĩnh. Nhìn chung là mình không gọi là theo cái kiểu là cứ bán hết đi xong rồi tính. Mà mình cũng xem xét lại cái danh mục của mình.,"Của chúng tôi thì cũng rất là bình tĩnh nhìn chung là mình không gọi là là theo cái kiểu là cứ bán hết đi xong rồi tính, mà mình cũng xem xét lại cái danh mục của mình."
data55_109,data55,1012.64,1020.58,Thì đối với cả tất cả những cái doanh nghiệp mà chúng tôi đầu tư thì ngay từ ban đầu là mình cũng đã lựa chọn những cái doanh nghiệp mà nó có những cái nền tảng.,"Thì đối với cả tất cả những cái doanh nghiệp mà chúng tôi đầu tư, thì ngay từ ban đầu là mình cũng đã lựa chọn những cái doanh nghiệp mà nó có cái nền tảng đấy rồi,."
data55_110,data55,1020.64,1025.6,Mình vẫn rất là tin tưởng là họ có thể vượt qua được những cái biến động như thế này.,Nên là mình vẫn rất là tin tưởng là họ có thể vượt qua được những cái biến động như thế này.
data55_111,data55,1025.96,1034.08,Thì tất nhiên là mình cũng sẽ phải xem xét kỹ hơn là về những cái doanh nghiệp mà nếu như mà họ ở những cái lĩnh vực mà không bị ảnh hưởng trực tiếp.,"Thế tất nhiên là mình cũng sẽ phải xem xét kỹ hơn là về những cái doanh nghiệp mà, nếu như mà họ ở những cái lĩnh vực mà không bị ảnh hưởng trực tiếp,."
data55_112,data55,1034.28,1041.84,Chắc chắn là nó cũng sẽ chưa có cái gì ảnh hưởng ngay nhưng đối với những cái doanh nghiệp mà trong những cái lĩnh vực ảnh hưởng trực tiếp thì mình cũng phải xem xét kỹ hơn.,Thì chắc chắn là nó cũng sẽ chưa có cái gì ảnh hưởng ngay. Nhưng đối với những cái doanh nghiệp. Mà trong những cái lĩnh vực ảnh hưởng trực tiếp. Thì mình cũng phải xem xét kỹ hơn.
data55_113,data55,1041.84,1050.32,"Cái sự đa dạng sản phẩm của họ như thế nào, các cái thị trường họ xuất khẩu ra làm sao để mình có thể là quyết định xem là phân bổ lại cái.",Xem là cái sự đa dạng sản phẩm của họ như thế nào. Các cái thị trường họ xuất khẩu ra làm sao. Để mình có thể là quyết định xem là. Phân bổ lại cái tỉ trọng.
data55_114,data55,1050.88,1052.3,Giữa các doanh nghiệp đến như thế nào?,Giữa các cái doanh nghiệp đấy như thế nào.
data55_115,data55,1054.81,1063.63,Cảm ơn chị Kim Anh. Thì như vậy là em hiểu là chỉ lược của việc có manh phan. Bởi vì là trong 6 tháng sắp tới. Chuyện sợi trên cơ sở là rất là nhiều yếu tố.,Cảm ơn chị Kim Anh. Thì như vậy là em hiểu là. Chí lược của Vietcombank Fund. Bởi vì là trong 6 tháng sắp tới. Dựa trên cơ sở là rất là nhiều yếu tố bất định.
data55_116,data55,1063.63,1071.55,"Mình sẽ đi theo nguyên tắc là bottom-up, topic nhiều hơn là giải ngân dựa trên một cái chiến lược đi từ macro.","Nên là mình sẽ đi theo nguyên tắc là bottom up, so big nhiều hơn là giải ngân dựa trên một cái chiến lược đi từ macro."
data55_117,data55,1074.05,1080.75,Như vậy là em xin phép nhờ chị Kiều Mạnh chia sẻ thêm. Thế thì theo quan điểm của chị khi mà lựa chọn cổ phiếu từ bottom up.,Như vậy là em xin phép nhờ chị Kim Anh chia sẻ thêm. Thế thì theo quan điểm của chị khi mà lựa chọn cổ phiếu từ bottom up.
data55_118,data55,1080.85,1087.27,Thì hiện nay là các ngành nào trong 6 tháng cuối năm chị sẽ tăng số phân bổ.,Thì hiện nay là các ngành nào trong 6 tháng cuối năm chị sẽ tăng số phân bổ overweight.
data55_119,data55,1087.27,1092.91,Và cái ngành nào mà chị sẽ giảm phân bổ trên cái cơ sở bối cảnh mỹ mô hiện nay.,Và cái ngành nào mà chị sẽ giảm phân bổ trên cái cơ sở bối cảnh bị mô hiện nay.
data55_120,data55,1093.93,1102.91,Chính là bởi vì là đi theo cái chiến lược đầu tư là bottom-up đoạn. Tức là mình lựa chọn từng doanh nghiệp một. Chứ mình cũng không có một cái phân bổ tổng quan.,Chính là bởi vì là đi theo cái chiến lược đầu tư là bottom up. Tức là mình lựa chọn từng doanh nghiệp một. Chứ mình cũng không có một cái phân bổ tổng quan ở trên.
data55_121,data55,1102.91,1110.99,Xem là cái ngành này mình sẽ phải allocate bao nhiêu phần trăm hay cái ngành khác mình là bao nhiêu phần trăm mà mình sẽ lựa chọn từ dưới lên xem là những cái doanh nghiệp.,Xem là cái ngành này mình sẽ phải allocate bao nhiêu phần trăm. Hay cái ngành khác mình là bao nhiêu phần trăm. Mà mình sẽ lựa chọn từ dưới lên xem là những cái doanh nghiệp nào.
data55_122,data55,1111.09,1118.99,Nó phù hợp nhất với cái tiêu chí đầu tư của mình hay là phù hợp nhất với cái chiến lược đầu tư của từng cái quỹ mà mình đang đầu.,Mà nó phù hợp nhất với cái tiêu chí đầu tư của mình. Hay là phù hợp nhất với cái chiến lược đầu tư của từng cái quỹ mà mình đang đầu tư.
data55_123,data55,1119.39,1125.15,Thế thì đương nhiên là những cái doanh nghiệp mà họ hoạt động trong những cái lĩnh vực mà bị ảnh hưởng.,Thế thì đương nhiên là những doanh nghiệp họ hoạt động trong những lĩnh vực bị ảnh hưởng nhất.
data55_124,data55,1125.15,1130.31,"Ví dụ trên sàn thì mình có những doanh nghiệp dệt mây, thủy sản hay là.","Ví dụ trên sàn thì mình có những doanh nghiệp dệt may, thủy sản hay là đầu gỗ."
data55_125,data55,1130.31,1137.33,Cái ngành electronics là cái ngành điện tử thì đúng là cái đóng góp vào xuất khẩu rất là lớn.,Cái ngành electronics là cái ngành điện tử thì đúng là cái đóng góp vào xuất khẩu rất là lớn.
data55_126,data55,1137.33,1145.09,Xuất khẩu đi Mỹ rất là nhiều nhưng mà thực ra trên sàn của mình thì lại không có bởi vì chủ yếu là các doanh nghiệp. IDI thì các doanh nghiệp.,Và xuất khẩu đi Mỹ rất là nhiều nhưng mà thực ra trên sàn của mình thì lại không có. Bởi vì chủ yếu là các doanh nghiệp SDI thì các doanh nghiệp Việt Nam.
data55_127,data55,1145.09,1150.19,Chủ yếu là ở những cái ngành dệt may ra giày rồi thủy sản.,"Chủ yếu là ở những cái ngành dệt may, da dày, rồi thủy sản đúng không ạ?"
data55_128,data55,1150.19,1156.01,Và một trong những cái ngành nữa mà cũng bị mặc dù họ không xuất khẩu nhưng mà là họ lại bị ảnh hưởng tương đối trực tiếp.,"Và một trong những cái ngành nữa mà cũng bị, mặc dù họ không xuất khẩu nhưng mà là họ lại bị ảnh hưởng tương đối trực tiếp."
data55_129,data55,1156.01,1162.69,Các doanh nghiệp khu công nghiệp khi mà cái phần lớn cái diện tích của họ cho thuê là cho các doanh nghiệp.,"Đấy là các doanh nghiệp khu công nghiệp đúng không ạ? Khi mà cái phần lớn, cái diện tích của họ cho thuê là cho các doanh nghiệp FDI."
data55_130,data55,1162.87,1169.97,"Như từ trước đến giờ, đầu giờ đến giờ thì các diễn giả đều nói đến việc là các doanh nghiệp nước ngoài khi mà đến đầu tư Việt Nam.","Và như từ trước đến giờ, đầu giờ đến giờ thì các diễn giả đều nói đến việc là các doanh nghiệp nước ngoài khi mà đến đầu tư Việt Nam đúng không ạ?"
data55_131,data55,1169.97,1178.75,Với cái chính sách thuế quan mà chưa rõ ràng như thế thì họ đều tạm dừng lại có thể là Website NC họ xem là cái chính sách như thế nào rồi họ mới quyết định đầu tư.,"Bây giờ với cái chính sách thuế quan mà chưa rõ ràng như thế thì họ đều tạm dừng lại, có thể là wait and see luôn, xem là cái chính sách như thế nào rồi họ mới quyết định đầu tư tiếp."
data55_132,data55,1178.97,1187.87,Vậy thì ngay lập tức là các doanh nghiệp bất động sản đấy là sẽ bị ảnh hưởng bởi vì là đáng ra có thể ký hợp đồng rồi thì bây giờ nhà đầu tư lại tạm hoãn lại.,Vậy thì ngay lập tức là các cái doanh nghiệp bất động sản đấy là sẽ bị ảnh hưởng bởi vì là đáng ra có thể ký hợp đồng rồi thì bây giờ nhà đầu tư lại tạm hoãn lại.
data55_133,data55,1187.87,1194.95,Là cái dòng tiền nó cũng sẽ bị ảnh hưởng thế tuy nhiên là ở VCBF thì cái cách chúng tôi làm đấy là chúng tôi cũng lại.,Thế nên là cái dòng tiền nó cũng sẽ bị ảnh hưởng. Thế tuy nhiên là ở VCBEP thì cái cách chúng tôi làm đấy là chúng tôi cũng lại phải.
data55_134,data55,1194.95,1204.57,"Đối với những cái doanh nghiệp mà họ hoạt động trong lĩnh vực xuất khẩu hoặc là những doanh nghiệp khu công nghiệp thì chúng tôi cũng lại phải xem lại từng doanh nghiệp một, ví dụ như là các doanh nghiệp xuất khẩu.",Đối với những cái doanh nghiệp mà họ hoạt động trong lĩnh vực xuất khẩu. Hoặc là những doanh nghiệp khu công nghiệp. Thì chúng tôi cũng lại phải xem lại từng doanh nghiệp một. Ví dụ như là các doanh nghiệp xuất khẩu đúng không ạ.
data55_135,data55,1204.57,1214.07,Thì mỗi một doanh nghiệp họ cũng đều bị ảnh hưởng nhưng mà cái mức độ ảnh hưởng nó sẽ khác nhau. Liệu cùng là dệt may hay là cùng là thủy sản thì có doanh nghiệp sẽ tập trung rất nhiều vào thị trường Mỹ.,Thì mỗi một doanh nghiệp. Họ cũng đều bị ảnh hưởng. Nhưng mà cái mức độ ảnh hưởng nó sẽ khác nhau. Dù cùng là dệt may đúng không ạ. Hay là cùng là thủy sản. Thì có doanh nghiệp sẽ tập trung rất nhiều vào thị trường Mỹ.
data55_136,data55,1214.07,1222.41,Và trong ngắn hạn họ sẽ rất khó để mà có thể đa dạng hóa sang các cái thị trường khác đi tìm kiếm những bạn hàng khác nhưng mà cũng có những doanh nghiệp ngay từ ban đầu.,Và trong ngắn hạn họ sẽ rất khó để mà có thể. Đa dạng hóa sang các cái thị trường khác. Đi tìm kiếm những bạn hàng khác. Nhưng mà cũng có những doanh nghiệp ngay từ ban đầu.
data55_137,data55,1222.41,1228.67,"Thì cái tỷ trọng giữa các thị trường nó cũng đã tương đối nhau rồi, họ không quá phụ thuộc vào thị trường Mỹ.",Thì cái tỉ trọng giữa các thị trường nó cũng đã tương đối nhau rồi họ không quá phụ thuộc vào thị trường Mỹ.
data55_138,data55,1229.04,1235.11,Hay là cũng là doanh nghiệp dệt may nhưng mà có những doanh nghiệp thì họ có thể gia công những cái đơn hàng khó.,Hay là cũng là doanh nghiệp diệt may nhưng mà có những doanh nghiệp thì họ có thể gia công những cái đơn hàng khó.
data55_139,data55,1235.41,1244.27,Để mà bạn hàng đi tìm một cái đơn vị khác mà thay thế ngay thì nó rất là khó khăn nên là nhiều khả năng là họ vẫn có thể duy trì được các cái đơn hàng của mình.,Để mà bạn hàng đi tìm một cái đơn vị khác mà thay thế ngay thì nó rất là khó khăn. Nên là nhiều khả năng là họ vẫn có thể duy trì được các cái đơn hàng của mình.
data55_140,data55,1244.57,1251.49,Hay là đối với cả các doanh nghiệp thủy sản cũng vậy thôi. Cái thị trường của họ như thế nào. Và cái ví dụ giá của họ chi phí.,Hay là đối với cả các doanh nghiệp thủy sản cũng vậy thôi. Cái thị trường của họ như thế nào và cái ví dụ giá của họ chi phí.
data55_141,data55,1252.21,1260.59,Sản xuất của họ so với cả những cái mặt hàng cũng là thủy sản nhưng mà có thể nhập ở nước khác thì họ có cạnh tranh không ví dụ kể cả áp thuế lên 46.,Sản xuất của họ so với cả những cái mặt hàng cũng là thủy sản nhưng mà có thể nhập vào nước khác thì họ có cạnh tranh không? Ví dụ kể cả áp thuế lên 4-6%.
data55_142,data55,1260.59,1270.23,"Ở cái mức cao nhất đi, có khi họ vẫn cạnh tranh thì sao thì cũng chưa chắc là họ sẽ mất hoàn toàn các cái đơn hàng. Vậy thì như thế tức là đối với từng doanh nghiệp thì mình cũng phải xem xét xem là cái mức độ ảnh hưởng như thế nào.",Ở cái mức cao nhất đi. Có khi họ vẫn cạnh tranh thì sao? Thì cũng chưa chắc là họ sẽ mất hoàn toàn các cái đơn hàng. Vậy thì như thế tức là đối với từng doanh nghiệp thì mình cũng phải xem xét xem là cái mức độ ảnh hưởng như thế nào.
data55_143,data55,1270.23,1280.01,Cái tỉ trọng chứ cũng không phải là cứ trong cái ngành đấy là chúng ta giảm hoàn toàn tỉ trọng hay là đối với các cái doanh nghiệp khu công nghiệp thì cái quan điểm.,Thì mình mới quyết định cái tỉ trọng chứ cũng không phải là cứ trong cái ngành đấy là chúng ta giảm hoàn toàn tỉ trọng hay là đối với các cái doanh nghiệp khu công nghiệp thì cái quan điểm.
data55_144,data55,1280.01,1289.79,Của tôi thì có lẽ là nó cũng sẽ theo hướng như thế này. Tức là đúng là trước mắt thì khi mà chúng tôi gặp các cái doanh nghiệp của công nghiệp thì họ cũng đều chia sẻ.,Của tôi thì có lẽ là nó cũng sẽ theo hướng ra như thế này tức là đúng là trước mắt thì khi mà chúng tôi gặp các cái doanh nghiệp khu công nghiệp thì họ cũng đều chia sẻ.
data55_145,data55,1289.99,1298.19,"Hiện giờ có thể là các cái hợp đồng cũng hơi bị chậm lại nè, rồi nhà đầu tư cũng dừng lại để wet and see nhưng mà với.",Là hiện giờ có thể là các cái hợp đồng cũng hơi bị chậm lại rồi nhà đầu tư cũng dừng lại để wait and see nhưng mà với.
data55_146,data55,1298.45,1305.67,Cái xu hướng hiện nay ấy. Đấy là. Việt Nam mình sẽ tập trung vào thu hút. FDI có một chọn lọc hơn.,Cái xu hướng hiện nay đấy là Việt Nam mình sẽ tập trung vào thu hút FDI có trọng lập hơn.
data55_147,data55,1305.77,1323.99,Trước đây thì có thể là ai vào mình cũng mở cửa nhưng mà có thể bây giờ mình sẽ phải chọn lọc những cái doanh nghiệp mà họ có chuyển giao công nghệ này hoặc là họ tham gia ở cái công đoạn giá trị gia tăng cao hơn hoặc là họ sẽ có những cái kế hoạch mà xây dựng cả một cái chuỗi cung ứng ở Việt Nam.,Tức là trước đây thì có thể là ai vào mình cũng mở cửa nhưng mà có thể bây giờ mình sẽ phải chọn lọc những cái doanh nghiệp mà họ có chuyển giao công nghệ này hoặc là họ tham gia ở cái công đoạn giá trị gia tăng cao hơn hoặc là họ sẽ có những cái kế hoạch mà xây dựng cả một cái chuỗi cung ứng ở Việt Nam.
data55_148,data55,1323.99,1332.67,Họ không chỉ vào Việt Nam họ kéo theo cả các doanh nghiệp khác nữa thì đối với cả trong những cái trường hợp đấy thì các cái doanh nghiệp khu công nghiệp.,Tức là họ không chỉ vào Việt Nam họ kéo theo cả các doanh nghiệp khác nữa thì đối với cả trong những trường hợp đấy thì các doanh nghiệp khu công nghiệp.
data55_149,data55,1332.67,1342.51,"Họ có quỹ đất tốt, họ có quỹ đất sạch và đặc biệt là những cái khu công nghiệp mà họ chú ý vào các cái yếu tố về môi trường hay là ESG thì theo chúng tôi nghĩ.",Mà họ có quỹ đất tốt họ có quỹ đất sạch và đặc biệt là những khu công nghiệp mà họ chú ý vào các yếu tố về môi trường hay là ESG thì theo chúng tôi nghĩ rằng.
data55_150,data55,1342.51,1351.39,Họ sẽ là những đối tượng được hưởng lợi bởi vì là chỉ cần những cái chính sách thuế quan nó rõ ràng hơn một chút và có lẽ là cũng chỉ trong một vài tháng tới thôi thì nó cũng sẽ rõ ràng hơn.,Họ sẽ là những đối tượng được hưởng lợi bởi vì chỉ cần những chính sách thuế quan nó rõ ràng hơn một chút và có lẽ là cũng chỉ trong một vài tháng tới thôi thì nó cũng sẽ rõ ràng hơn.
data55_151,data55,1351.59,1361.25,Thì chắc chắn là đấy là những cái doanh nghiệp đầu tiên mà sẽ được hưởng lợi bởi vì là họ sẽ thu hút được những cái đối tượng hoặc là các cái doanh nghiệp FDI mà gọi là tốt nhất.,Thì chắc chắn là đấy là những doanh nghiệp đầu tiên mà sẽ được hưởng lợi bởi vì là họ sẽ thu hút được những cái đối tượng hoặc là các cái doanh nghiệp FBI mà gọi là tốt nhất.
data55_152,data55,1361.45,1369.77,Có những cái kế hoạch dài hạn ở Việt Nam và không những chỉ thu hút được trong ngắn hạn mà họ sẽ giữ chân được các cái khách hàng để trong suốt dài hạn thì đối với cả những cái doanh nghiệp đấy.,Có những cái kế hoạch dài hạn ở Việt Nam và không những chỉ thu hút được trong ngàn hạn mà họ sẽ giữ chân được các cái khách hàng trong sức dài hạn thì đối với cả những cái doanh nghiệp đấy.
data55_153,data55,1369.77,1373.43,Có thể nói là không những là không giảm thị trạng mà chúng tôi còn tăng.,Thì có thể nói là không những là không giảm tỷ trọng mà chúng tôi còn tăng tỷ trọng.
data55_154,data55,1375.54,1385.58,Cảm ơn chia sẻ rất là thú vị của chị Kim Anh. Tức là quan điểm đầu tư của việc. Còn anh Phan sẽ đi từ rất là chi tiết từ công ty và từ đi từng đến doanh nghiệp cụ thể.,Cảm ơn chia sẻ rất là thú vị của chị Kim Anh tức là quan điểm đầu tư của việc có Bank Fund sẽ đi từ rất là chi tiết từ công ty. Và từ đi từng đến doanh nghiệp cụ thể.
data55_155,data55,1387.02,1390.44,Em xin phép hỏi chị lệ nếu mà được lựa.,Em xin phép hỏi chị Lệ. Nếu mà được lựa chọn.
data55_156,data55,1392.24,1402.22,Nếu mà một cái performance tốt từ giờ đến cuối năm thì theo chị là những ngành nào. Chị Kim Anh thì có liệt kê các ngành mà sẽ nằm trong vòng ảnh hưởng của thuế quan.,Nếu mà một cái performance tốt. Từ giờ đến cuối năm. Thì theo chị là những ngành nào. Chị Kim Anh thì có liệt kê các ngành. Mà sẽ nằm trong vòng ảnh hưởng. Của thuế quan.
data55_157,data55,1402.32,1410.74,Còn chị Lệ thì theo đánh giá của chị thì với những cái bất định về thuế quan hiện nay thì ngành nào sẽ được hưởng lợi.,Còn chị Lệ thì theo đánh giá của chị. Với những cái bất định về thuế quan hiện nay. Thì ngành nào sẽ được hưởng lợi.
data55_158,data55,1410.74,1412.18,Ý nhất là ít bị.,Hoặc ít nhất là ít bị ảnh hưởng.
data55_159,data55,1413.42,1422.2,Như tôi chia sẻ lúc nãy thì đối với lại bên phía UOBAM Việt Nam thì cái chiến lược đầu tư của chúng tôi trong cái bối cảnh.,Như tôi chia sẻ lúc nãy thì đối với lại bên phía UOBAM Việt Nam thì cái chiến lược đầu tư của chúng tôi trong cái bối cảnh hiện tại.
data55_160,data55,1422.2,1426.78,Là chúng tôi tập trung hơn vào những cái ngành và công ty.,Là chúng tôi tập trung hơn vào những cái ngành và công ty.
data55_161,data55,1427.18,1435.82,Mà thứ nhất là hoạt động chủ yếu ở thị trường trong nước hơn là xuất khẩu và thứ hai là những cái công ty mà được hưởng.,Mà thứ nhất là hoạt động chủ yếu ở thị trường trong nước hơn là xuất khẩu và thứ hai là những cái công ty mà được hưởng lợi.
data55_162,data55,1436.32,1442.34,Thì cái chủ trương và những cái ưu tiên mang tính chiến lược của nhà nước đặc biệt là trong đầu tư công.,Từ cái chủ trương và những cái ưu tiên mang tính chiến lược của nhà nước đặc biệt là trong đầu tư công.
data55_163,data55,1443.76,1452.9,Một số ngành mà hiện nay chúng tôi quan tâm nhiều. Thứ nhất là ngành ngân hàng. Vì mục tiêu tăng trưởng tiến dục năm nay tương đối cao 16%.,Một số ngành mà hiện nay chúng tôi quan tâm nhiều thứ nhất là ngành ngân hàng. Vì cái mục tiêu tăng trưởng tiến dục năm nay tương đối cao 16%.
data55_164,data55,1453.4,1460.92,Cũng sẽ hưởng lợi từ cái đẩy mạnh giải ngân đầu tư công. Cái ngành thứ hai mà chúng tôi cũng quan tâm đó là về xây dựng và vật liệu xây dựng.,Và cũng sẽ hưởng lợi từ cái đẩy mạnh giải ngành đầu tư công. Cái ngành thứ 2 mà chúng tôi cũng quan tâm đó là về xây dựng và vật liệu xây dựng.
data55_165,data55,1461.32,1470.02,Thì đương nhiên là chúng ta đều thấy là khi mà các cái dự án trọng điểm đặc biệt là về đầu tư cơ sở hạ tầng trong năm nay được chính phủ đang đẩy mạnh như là một trong những cái biện pháp.,Thì đương nhiên là chúng ta đều thấy là khi mà các cái dự án trọng điểm đặc biệt là về đầu tư cơ sở hạ tầng. Trong năm nay được chính phủ đang đẩy mạnh như là một trong những cái biện pháp chính.
data55_166,data55,1470.0,1474.81,Để giúp hỗ trợ tăng trưởng kinh tế thì ngành này cũng là một cái ngành đáng quan tâm.,Để giúp hỗ trợ tăng đường kinh tế thì ngành này cũng là một cái ngành đáng quan tâm.
data55_167,data55,1475.38,1480.64,Tiếp theo đó là về bán hàng và tiêu dùng.,Tiếp theo đó là về bán hàng và tiêu dùng.
data55_168,data55,1480.92,1487.22,"Thì mặc dù là bị mô bên ngoài, tức là các yếu tố bên ngoài, thì thế giới còn rất nhiều bất ổn.","Thì mặc dù là vĩ mô bên ngoài, tức là các yếu tố bên ngoài trên thế giới còn rất nhiều bất ổn."
data55_169,data55,1487.52,1492.86,Nhưng mà cái sức mua trong nước cho đến thời điểm hiện tại thì vẫn cho thấy những cái dấu hiệu tương đối tích cực.,Nhưng mà cái sức mua trong nước cho đến thời điểm hiện tại thì vẫn cho thấy những cái dấu hiệu tương đối tích cực.
data55_170,data55,1493.7,1502.95,Cho nên là chúng tôi vẫn chú trọng đến cái ngành này. Và một cái ngành nữa mà chúng tôi nghĩ là trong thời gian tới cũng có nhiều cái tiềm năng tăng trưởng đó là ngành bất động sản.,Cho nên là chúng tôi vẫn chú trọng đến cái ngành này. Và một cái ngành nữa mà chúng tôi nghĩ là trong thời gian tới cũng có nhiều cái tiềm năng tăng trưởng đó là ngành bất động sản.
data55_171,data55,1503.45,1511.17,Thì như chúng ta đã nghe các diễn giả trao đổi trong phiên thảo luận thứ nhất là hiện nay chính phủ đang tích cực.,Thì như chúng ta đã nghe các cái diễn giả trao đổi trong cái phiên thảo luận thứ nhất là hiện nay chính phủ đang tích cực hỗ trợ.
data55_172,data55,1511.17,1519.93,Cỡ các cái vướng mắc pháp lý cho trên 2000 dự án và nếu điều này mà được thực hiện tốt thì rõ ràng đây là một cái cú hích lớn cho ngành bất.,Tháo gỡ các cái vướng mắc pháp lý cho trên 2.000 dự án và nếu điều này mà được thực hiện tốt thì rõ ràng đây là một cái cú hít lớn cho ngành bất động sản.
data55_173,data55,1520.73,1528.95,Và cuối cùng là chúng tôi cũng quan tâm đến các công ty trong lãnh vực công nghệ và logistics. Vì thật ra.,Và cuối cùng là chúng tôi cũng quan tâm đến các cái công ty trong lãnh vực công nghệ và logistics vì thật ra.
data55_174,data55,1528.95,1537.87,Thì cái quan ngại về chính sách thuế của Tổng thống Trump thì đương nhiên là một trong những cái quan ngại chính của tất cả các nhà đầu tư không chỉ ở Việt Nam.,Thì quan ngại về chính sách thuế của Tổng thống Trump. Thì đương nhiên là một trong những quan ngại chính của tất cả các nhà đầu tư. Không chỉ ở Việt Nam.
data55_175,data55,1538.61,1546.09,Tuy nhiên nếu chúng ta nhìn kỹ hơn vào bức tranh giữa thương mại Việt Nam và Mỹ và đàm phán giữa.,Tuy nhiên nếu chúng ta nhìn kỹ hơn vào bức tranh. Giữa thương mại Việt Nam và Mỹ. Và đàm phán giữa hai bên.
data55_176,data55,1547.33,1549.69,Mọi người đều nói về cái mức thuế 46%.,Mọi người đều nói về mức thuế 46%.
data55_177,data55,1550.61,1558.81,Và với những cái thông tin mà tôi đọc được trên báo chí thì hiện nay mọi người đang nói về cái mức chắc bằng khoảng một nửa.,Và với những thông tin mà tôi đọc được trên báo chí thì hiện nay mọi người đang nói về cái mức chắc bằng khoảng một nửa thôi.
data55_178,data55,1559.11,1567.41,20-22% gì đấy nhưng quan điểm của chúng tôi là chúng tôi không nghĩ là cái mức thuế đấy.,20-22% gì đấy. Nhưng quan điểm của chúng tôi là chúng tôi không nghĩ là cái mức thuê đấy.
data55_179,data55,1567.41,1576.79,Được áp cho tất cả các cái mặt hàng xuất khẩu của Việt Nam sang Mỹ mà cái quan trọng hơn là chúng tôi muốn chờ đợi xem là cái kết quả này không chỉ giữa Mỹ và Việt Nam.,Nó sẽ được áp cho tất cả các cái mặt hàng xuất khẩu của Việt Nam sang Mỹ. Mà cái quan trọng hơn là chúng tôi muốn chờ đợi xem là cái kết quả này không chỉ giữa Mỹ và Việt Nam.
data55_180,data55,1576.99,1584.88,Mà còn là giữa Mỹ và các nước là đối thủ trực tiếp của Việt Nam trong việc xuất khẩu hàng hóa.,Mà còn là giữa Mỹ và các nước là đối thủ trực tiếp của Việt Nam trong việc xuất khẩu hàng hóa ra Mỹ.
data55_181,data55,1585.28,1594.26,Những cái nước cũng xuất khẩu các cái mặt hàng tương tự như Việt Nam sang Mỹ thì họ sẽ được hưởng cái mức thuế đối ứng của Mỹ như thế nào chứ không phải chỉ nhìn đơn thuần.,Những cái nước cũng xuất khẩu các cái mặt hàng tương tự như Việt Nam sang Mỹ thì họ sẽ được hưởng cái mức thuế đối ứng của Mỹ như thế nào chứ không phải chỉ nhìn đơn thuần là.
data55_182,data55,1594.66,1601.8,Mỹ-A phi mức tới đôi Việt Nam là như thế này. Nhưng nếu chúng ta nghĩ là nó tích cực nhưng nó vẫn cao hơn các cái đối thủ trực tiếp thì nó không tích cực.,Mỹ áp với mức thuế đối với Việt Nam là như thế này nhưng nếu chúng ta nghĩ là nó tích cực nhưng nó vẫn cao hơn các cái đối thủ trực tiếp thì nó không tích cực nữa.
data55_183,data55,1602.48,1611.72,"Thì tương tự như vậy. Đối với FDI thì chúng ta đều biết là cái vai trò quan trọng của FDI, khối FDI trong kinh tế Việt Nam trong suốt 20-30 năm.",Thì tương tự như vậy là đối với là FDI thì chúng ta đều biết là cái vai trò quan trọng của FDI khối FDI trong kinh tế Việt Nam trong suốt 20-30 năm qua.
data55_184,data55,1612.31,1622.47,Và hiện nay cái khối FDI đang đóng góp cho đầu đó khoảng 70% tổng kim ngạch xuất khẩu của Việt Nam thì chúng ta cũng cần phải họ cũng quan sát xem là.,"Hiện nay cái khối FDI đang đóng góp cho đâu đó khoảng 70% tổng kim ngạch xuất khẩu của Việt Nam. Thì chúng ta cũng cần phải, họ cũng quan sát xem là..."
data55_185,data55,1622.74,1631.42,Kết quả cuối cùng của đàm phán giữa Mỹ và Việt Nam như thế nào và những mặt hàng nào cụ thể là chịu mức thuế như thế nào thì tôi nghĩ là những cái doanh nghiệp.,Cái kết quả cuối cùng của đàm phán giữa Mỹ và Việt Nam như thế nào và những mặt hàng nào cụ thể là chịu mức thuế như thế nào thì tôi nghĩ là những cái doanh nghiệp FDI.
data55_186,data55,1631.52,1638.6,Những cái ngành đó họ sẽ có cái điều chỉnh chiến lược cho nên thật ra hiện tại để mà nói là một cái câu trả lời chung.,Trong những cái ngành đó họ sẽ có cái điều chỉnh chiến lược cho nên thật ra hiện tại để mà nói là một cái câu trả lời chung.
data55_187,data55,1639.0,1647.6,Và thì chúng tôi cũng thật sự là chúng tôi cũng vẫn phải đang chờ có một cái thông tin đầy đủ rõ ràng hơn để đưa ra những cái chiến lược đầu tư nó sát.,Và thì chúng tôi cũng thật sự là tôi cũng vẫn phải đang chờ có một cái thông tin đầy đủ rõ ràng hơn để đưa ra những cái chiến lược đầu tư nó sát.
data55_188,data55,1648.16,1652.64,Có thể là sau khi vài tháng tới khi mà chúng ta có cái kết quả đàm phán cuối cùng.,"Có thể là sau khi, sau vài tháng tới khi mà chúng ta có cái kết quả đàm phán cuối cùng,."
data55_189,data55,1653.1,1660.08,Thì lúc đó chúng tôi sẽ quan tâm nhiều hơn đến các công ty xuất.,Thì lúc đó chúng tôi sẽ quan tâm nhiều hơn đến các cái công ty xuất khẩu.
data55_190,data55,1660.18,1669.16,Mà chúng tôi nghĩ là họ vẫn còn giữ được cái ưu thế cạnh tranh so với các cái đối thủ khác mà cũng xuất khẩu hàng hóa sang Mỹ chẳng hạn.,Mà chúng tôi nghĩ là họ vẫn còn giữ được cái ưu thế cạnh tranh so với các cái đối thủ khác mà cũng xuất khẩu hàng hóa sang Mỹ chẳng hạn.
data55_191,data55,1670.94,1680.34,Đối với chúng tôi thì chúng tôi thật sự là đối với chiến lược đầu tư hay là triết lý đầu tư thì chúng tôi kết hợp giữa cả top down và bottom up. Top down thì chúng tôi nhìn về cái bức tranh vĩ mô.,Thì đối với chúng tôi thì chúng tôi thật sự là. Đối với chiến lược đầu tư hay là triết lý đầu tư. Thì chúng tôi kết hợp giữa cả top down và bottom up. Top down thì chúng tôi nhìn về cái bức tranh vĩ mô.
data55_192,data55,1680.86,1690.6,Định hướng chiến lược của nhà nước và các yếu tố bên ngoài là những cái ngành nào sẽ được hưởng lợi trong thời gian tới không phải là chỉ hiện tại mà nó thường thường đầu tư là nhìn về tương lai.,Về định hướng chiến lược của nhà nước. Về cái yếu tố bên ngoài. Những cái ngành nào sẽ được hưởng lợi trong thời gian tới. Không phải là chỉ hiện tại mà nó thường thường đầu tư là nhìn về tương lai.
data55_193,data55,1691.28,1701.06,"Và trong những cái ngành đó thì chúng tôi bắt đầu chọn những cái công ty, những cái doanh nghiệp hàng đầu. Tuy nhiên cũng có những cái ngành chúng tôi không phải nằm trong cái gọi là prefer list.","Và trong những cái ngành đó thì chúng tôi bottom up. Chúng tôi chọn những cái công ty, những cái doanh nghiệp hàng đầu. Tuy nhiên cũng có những cái ngành chúng tôi không phải nằm trong cái gọi là prefer list."
data55_194,data55,1701.56,1710.8,Có những công ty ngoài những ngành đấy nhưng họ stand out và nền tảng của họ rất là tốt và vị thế của họ thị trường rất là tốt thì chúng tôi cũng.,Nhưng có những cái công ty nằm ngoài những ngành đấy nhưng họ stand out và cái nền tảng của họ rất là tốt và cái vị thế của họ thị trường rất là tốt thì chúng tôi cũng.
data55_195,data55,1712.38,1722.24,Đưa vào cái danh sách để mà đầu tư thì đấy là những cái gọi là chia sẻ về chiến lược đầu tư của phía UBAM.,Đưa vào cái danh sách để mà đầu tư thì đấy là những cái gọi là chia sẻ về chiến đấu đầu tư của phía UBAM.
data55_196,data55,1723.42,1727.42,Cảm ơn chị Lệ. Thì nhân chị Lệ có nhắc đến cái kịch bản.,Cảm ơn. Cảm ơn Sĩ Lệ. Nhân Sĩ Lệ có nhắc đến cái kịch bản.
data55_197,data55,1727.51,1737.23,"Tạm gọi là cơ sở về tariff mà hiện nay báo chí các anh chị có thể đọc trong tuần gần đây là cỡ khoảng một nửa, khoảng mức 46%, nghĩa là khoảng 23%.","Tạm gọi là cơ sở về tariff mà hiện nay báo chí, các anh chị có thể đọc trong tuần gần đây là cỡ khoảng một nửa của mức 46%, nghĩa là khoảng 23%."
data55_198,data55,1737.36,1751.17,Thì anh hỏi anh với vai trò là một nhà đầu tư nước ngoài. Anh nhận xét như thế nào? Liệu có mức thuế 23%? Tất nhiên là cũng sẽ có sự thay đổi giữa các nhóm mặt hàng khác nhau. Nhưng liệu 23% có là mức khả thi hay không?,"Thì anh Hoài Anh với vai trò là một nhà đồ tư nước ngoài, anh nhận xét như thế nào? Liệu có mức thuế 23% tất nhiên là cũng sẽ có sự thay đổi giữa các nhóm mặt hàng khác nhau, nhưng liệu 23% có là mức khả thi hay không?"
data55_199,data55,1751.28,1755.0,"Và với 2,3 phần trăm thì chúng ta gọi là positive surprise.",Và với 2-3% thì chúng ta gọi là positive surprise hay là
data55_200,data55,1755.06,1763.46,Chắc là đã realize vào cái định giá của thị trường chứng khoán sau khi mà đã tăng lại từ cái mức giảm cú sụt vào tháng 4.,Bản chất là đã realize vào cái định giá của thị trường trừng khoán sau khi mà đã tăng lại từ cái mức giảm cú sụt vào tháng 4.
data55_201,data55,1764.3,1765.08,Em xin mời anh.,Em xin mời anh.
data55_202,data55,1766.48,1775.5,Mình nghĩ là cái mức thuế thì mình cũng thống nhất với cái ý kiến của chị Lệ thì nó sẽ không có một cái mức thuế chung là.,Mình nghĩ là cái mức thuế thì mình cũng thống nhất với cái ý kiến của chị Lệ thì nó sẽ không có một cái mức thuế chung là...
data55_203,data55,1775.69,1787.74,"20 hay 25 phần trăm cho tất cả các mặt hàng như bản thân chủng Tổng thống Trump thì cũng có nói rằng là cũng sẽ không đánh thuế để đưa những ngành sản xuất. Ví như là diệt may, giày dép.","20 hay 25% cho tất cả các mặt hàng. Như bản thân Tổng thống Trump cũng có nói rằng là cũng sẽ không đánh thuế để mà đưa những ngành sản xuất như diệt may, giày dép."
data55_204,data55,1787.74,1796.44,Rồi là gia công trở về nước Mỹ. Tại nhiên là mình nghĩ rằng là cái mức thuế đối với những ngành đó của Việt Nam mà lúc đấy nó cũng chiếm rất là lớn trong cái xuất khẩu Việt Nam.,Để là là gia công trở về nước Mỹ. Thành ra là mình nghĩ rằng là cái mức thuế đối với những cái ngành đó của Việt Nam. Mà lúc đấy nó cũng chiếm rất là lớn trong cái xuất khẩu Việt Nam đấy.
data55_205,data55,1796.74,1804.42,Khoảng từ 40-50% thì sẽ ở mức độ là vừa phải. Mình cũng không thể nói trước nó là bao nhiêu nhưng mà điều quan trọng.,Khoảng từ 40-50% đấy. Thì sẽ ở mức độ là vừa phải. Mình cũng không thể nói trước nó là bao nhiêu. Nhưng mà điều quan trọng là.
data55_206,data55,1804.98,1813.44,Nếu mà không bị thấp và không bị cao hơn các cái sản phẩm mà sản xuất từ các nước khác thì tính cạnh tranh của Việt Nam sẽ càng tốt.,"Nếu mà không bị thấp, không bị cao hơn các cái sản phẩm mà sản xuất từ các nước khác. Thì tính cạnh tranh của Việt Nam sẽ càng tốt hơn."
data55_207,data55,1813.74,1815.86,Và đối với cả những cái sản phẩm đó.,Và đối với cả những cái sản phẩm đó.
data55_208,data55,1815.86,1820.31,Thậm chí nó lại sẽ là tích cực cho Việt Nam tại vì là.,Thì mình nghĩ thậm chí nó sẽ là tích cực cho Việt Nam. Tại vì là...
data55_209,data55,1821.21,1837.47,Như Trump nói là không đưa các cái sản phẩm đó về sản xuất ở Mỹ và vẫn để ở các nước khác. Thì những cái cơ sở sản xuất ở những nước như của Việt Nam thì người ta cũng chẳng có lý do gì. Người ta đưa những cái sản xuất đó ra các nước khác cả. Mất rất là nhiều thời gian để làm và Việt Nam vẫn có những cái lợi thế cạnh tranh như vậy.,Như Trump nói là không đưa các sản phẩm đó về sản xuất ở Mỹ và vẫn để ở các nước khác. Thì những cơ sở sản xuất ở những nước như của Việt Nam thì người ta chẳng có lý do gì người ta đưa những sản xuất đó ra các nước khác cả. Mất rất là nhiều thời gian để làm và Việt Nam vẫn có những lợi thế cạnh tranh như vậy.
data55_210,data55,1837.74,1853.52,"Và thậm chí mình nghĩ là còn có thể sẽ là tốt hơn tại vì một số các ngành sản xuất như vậy nó có thể đã dịch chuyển từ Trung Quốc mà tiếp tục dịch chuyển sang Việt Nam. Thì đấy là đối với cả những cái ngành sản xuất như diệt may, gia dày, gia công các thứ thì mình nghĩ sẽ là rất là tốt.","Và thậm chí mình nghĩ là còn có thể sẽ là tốt hơn Tại vì một số các ngành sản xuất như vậy nó có thể đã dịch truyền từ Trung Quốc Mà tiếp tục dịch truyền sang Việt Nam Thì đấy là đối với cả những cái ngành sản xuất như diệt may, da dày, da công các thứ Thì mình nghĩ sẽ rất là tốt"
data55_211,data55,1853.72,1872.34,"Tuy nhiên cũng có một số những cái sản phẩm mà mình nghĩ sẽ là mức thuế cao hơn so với cả cái mức độ mà mọi người nói là khoảng 15-20% gì đó. Khiến cho là đồ điện tử, điện thoại, di động thì đó Trump cũng nói rất rõ là ngay bản thân Apple mà không đưa về Mỹ thì cũng bị đánh thuế thêm 20.","Tuy nhiên cũng có một số những cái sản phẩm mà mình nghĩ sẽ là mức thuế cao hơn so với cả cái mức độ mà mọi người nói là khoảng 15-20% gì đó. Ví dụ như là đồ điện tử, điện thoại di động thì đó là Trump cũng nói rất rõ là ngay bản thân Apple mà không đưa về Mỹ thì cũng bị đánh thuế thêm 20%."
data55_212,data55,1872.36,1877.2,Và Samsung hay là LG các thứ cũng sẽ bị đánh thuế cao.,Và Samsung hay là LG các thứ cũng sẽ bị đánh thuế cao như vậy.
data55_213,data55,1877.52,1887.69,Thì cái đó là cái vấn đề là sẽ áp một cái mức thuế cao với tất cả các cái công ty mà làm về đồ điện tử và điện thoại di động ở ngoài Đông Mỹ.,Thì cái đó là cái vấn đề là sẽ áp một cái mức thuế cao với tất cả các công ty mà làm về đồ điện tử và điện thoại di động ở ngoài nước Mỹ.
data55_214,data55,1887.88,1899.46,Thì mình cũng nghĩ là điều đó thì nó sẽ dẫn tới một cái là các cái công ty như chẳng hạn Samsung chẳng hạn họ đã sản xuất tại Việt Nam rồi mà nếu mức thuế ở các nước khác cũng không thấp hơn ở Việt Nam thì chẳng có lý do gì lấy đưa ra khỏi Việt Nam.,Thì mình cũng nghĩ là điều đó thì nó sẽ dẫn tới một cái là các cái công ty như chẳng hạn Samsung chẳng hạn họ đã sản xuất tại Việt Nam rồi mà những mức thuế ở các nước khác cũng không thấp hơn ở Việt Nam thì chẳng có lý do gì để đưa ra khỏi Việt Nam cả.
data55_215,data55,1899.46,1905.46,Thì mình nghĩ rằng là như vậy thì trong trường hợp mà cái mức thuế ở Việt Nam nó không cao hơn so với các mức thuế khác.,Thì mình nghĩ rằng là như vậy thì trong trường hợp mà cái mức thuế ở Việt Nam nó không cao hơn so với mức thuế khác thì...
data55_216,data55,1905.49,1914.93,Cũng không di chuyển đi. Tuy nhiên là các doanh nghiệp nước ngoài như là Samsung hay LG thì họ có những lý do khác để họ chuyển.,Họ cũng không di chuyển đi Tuy nhiên là các cái doanh nghiệp nước ngoài như là Samsung hay LG Thì họ có những cái lý do khác để họ chuyển
data55_217,data55,1915.01,1931.3,Dịch ra khỏi Việt Nam chứ không phải là vấn đề tariff ví dụ như là cái vấn đề là cái miễn thuế của chính phủ Việt Nam đối với cả những cái lĩnh vực đó trong vòng 10 năm qua thì có thể sau này sẽ không còn tiếp tục nữa thì mình cũng không biết là chính phủ có cân nhắc cái việc gia hạn hay không thì họ chuyển sang lý dụng các nước khác thì không phải là dọng về.,Dịch ra khỏi Việt Nam chứ không phải là vấn đề tariff. Ví dụ như là cái vấn đề là cái miễn thuế của chính phủ Việt Nam đối với cả những cái lĩnh vực đó trong vòng 10 năm qua thì có thể sau này sẽ không còn tiếp tục nữa. Thì mình cũng không biết là chính phủ có cân nhắc cái việc gia hạn này không. Thì họ chuyển sang lý dựng các nước khác thì không phải là do về...
data55_218,data55,1931.34,1936.17,Thuế nó cũng bị tăng lên mà do các nước khác đưa ra một cái điều kiện thuế thấp hơn.,Thuế ở nước Mỹ tăng lên mà do các nước khác đưa ra điều kiện thuế thấp hơn.
data55_219,data55,1936.2,1945.46,Thì đó là cái lý do mà mình nghĩ rằng là thứ nhất là sẽ không có một cái mức thuế chung đã vụng đối với Việt Nam mà nó sẽ có những mức thuế với hai ngành nghề.,Thì đó là cái lý do mà mình nghĩ rằng là. Thứ nhất là sẽ không có một cái mức thuế chung. Đã dụng đối với Việt Nam. Mà nó sẽ có những mức thuế với hàng nghề khác nhau.
data55_220,data55,1946.1,1954.9,Đối với những cái hàng gia công và những đó thì mình nghĩ sẽ còn thậm chí sẽ còn tốt hơn còn những cái hàng điện tử các thứ thì cái đó nó phụ thuộc rất nhiều vào.,Đối với những cái hàng gia công. Và những đó thì mình nghĩ. Sẽ còn thậm chí sẽ còn tốt hơn. Còn những cái hàng điện tử. Thì cái đó nó phụ thuộc rất nhiều vào những cái.
data55_221,data55,1954.9,1964.2,"Và đàm phán giữa Trump và các nước khác như là Hàn Quốc, Nhật Bản hay là bản thân với cả những doanh nghiệp của Mỹ về làm những.",Và đàm phán giữa Trump. Và các cái nước khác như Hàn Quốc. Hay là Nhật Bản. Hay là bản thân với cả những doanh nghiệp của Mỹ. Về làm những đầu đó.
data55_222,data55,1964.2,1970.86,Thì còn những hàng nông nghiệp và hàng thủy sản thì mình nghĩ rằng là.,Thì còn những hàng nông nghiệp và hàng thủy sản ấy. Thì mình nghĩ rằng là.
data55_223,data55,1970.91,1981.38,Đó thì nó cũng lại xe theo mặt hàng và mình nghĩ rằng là nếu mà Việt Nam từ trước đến nay cái vấn đề mà gia nhậu tham gia vào thị trường Mỹ thì là.,"Cái đó thì nó cũng lại theo mặt hàng. Và mình nghĩ rằng là nếu mà Việt Nam... Từ trước đến nay cái vấn đề mà ra nhợ, tham gia vào thị trường Mỹ thì là..."
data55_224,data55,1981.48,1994.18,Mình nói nhiều đến cái vấn đề đó vì cái thị trường mỹ đó nó tương đối là dễ cho các doanh nghiệp Việt Nam để tham gia nhưng mà đây là một cái thời điểm rất là tốt cho các doanh nghiệp Việt Nam và bản thân bọn mình cũng có trao đổi với cả một số doanh nghiệp Việt Nam làm trong lĩnh vực.,Mình nói nhiều đến cái vấn đề đó vì cái thị trường Mỹ đó nó tương đối là dễ cho các doanh nghiệp Việt Nam để tham gia nhưng mà đây là một cái thời điểm rất là tốt cho các doanh nghiệp Việt Nam và bản thân bọn mình cũng có trao đổi với cả một số doanh nghiệp Việt Nam làm trong lĩnh vực ví dụ là
data55_225,data55,1994.2,1996.02,Nông nghiệp hải sản.,"Nông nghiệp, hải sản."
data55_226,data55,1997.36,2005.92,Rồi là thực phẩm các thứ tiếp tục bảo là tự dưng là bây giờ đi tìm các thị trường khác thì những thị trường khác thậm chí còn hay hơn thị trường của.,Rồi là thực phẩm. Các thứ thì họ bảo là. Tự dưng là bây giờ đi tìm các thị trường khác. Thì những thị trường khác thậm chí còn hay hơn. Thị trường của Mỹ.
data55_227,data55,2005.92,2012.42,Nếu như là họ có thể đa dạng được. Tất nhiên nó phải có thời gian để chuyển dịch. Nhưng mà nó lại là cơ hội cho các doanh nghiệp.,Nếu như là họ có thể đa dạng được. Tất nhiên nó phải có thời gian để chuyển dịch. Nhưng mà nó lại là cơ hội cho các doanh nghiệp như vậy.
data55_228,data55,2013.68,2022.6,Nên mình tương đối là thận trọng lạc quan trong cái vấn đề là thuế của Mỹ áp đặt với Việt Nam và một lý do.,Nên mình tương đối là thận trọng lạc quan. Trong cái vấn đề là. Thuế của Mỹ áp đặt với Việt Nam. Và một lý do tại sao.
data55_229,data55,2022.6,2024.16,Mà mình cũng nghĩ là như vậy.,Mà mình cũng nghĩ là như vậy.
data55_230,data55,2024.2,2038.5,Vì là mình trên cơ sở một số cái nhận định về cái chính quyền của Trump thứ nhất là Trump thì bản thân cá nhân ông ta. Thì có một cái thiện trí đối với Việt Nam ngay cả từ trong nhiệm kỳ đầu tiên được sang Việt Nam.,Vì là mình trên cơ sở một số cái nhận định về chính quyền của Trump. Thứ nhất là Trump thì bản thân cá nhân ông ta thì có một cái thiện trí đối với Việt Nam. Ngay cả từ trong nhiệm kỳ đầu tiên thì ông sang Việt Nam.
data55_231,data55,2038.72,2054.38,"Ba lần. Đấy. Và khi mà nói cái tuyên bố thuế với Việt Nam là 46% thì ông câu đầu tiên ông nói là ông rất là yêu Việt Nam. Nhưng ông vẫn phải thuế 46%, nhưng việc ông nói đó thì thực ra thì không phải đối với Việt Nam.","Điểm 3 lần. Và khi mà nói tuyên bố thuế với Việt Nam là 46%, thì câu đầu tiên ông nói là ông rất là yêu Việt Nam, nhưng ông vẫn phải đặt thuế 46%. Nhưng việc ông nói đó thì thực ra không phải đối với Việt Nam."
data55_232,data55,2054.46,2064.12,Cả những nước mà ông cũng rất yêu hoặc là ông cũng bình thường nhưng mà ông đều áp dụng cái mức thuế mà tất cả mọi người đều rất là bất ngờ. Đó là cá nhân Trump. Thứ hai nữa là.,Kể cả những nước mà ông cũng rất yêu. Hoặc là ông cũng bình thường. Nhưng mà ông đều áp dụng cái mức thuế. Mà tất cả mọi người đều rất là bất ngờ. Đó là cá nhân Trump. Thứ hai nữa là.
data55_233,data55,2064.58,2073.18,Quan hệ đối tác chiến lược toàn diện của Việt Nam với Mỹ thì có những cái mà các doanh nghiệp Việt Nam và các doanh nghiệp Mỹ cũng sẽ được.,Cái quan hệ đối tác chiến lược toàn diện của Việt Nam với Mỹ. Thì có những cái mà. Các doanh nghiệp Việt Nam. Và các doanh nghiệp Mỹ cũng sẽ được hưởng.
data55_234,data55,2073.18,2082.76,Cái quan hệ chiến lược đó chắc là mọi người cũng đều biết rằng là các cái doanh nghiệp Mỹ ví dụ như là Trump Organization thì vừa xong là có cái dự án.,Từ cái quan hệ chiến lược đó. Chắc là mọi người cũng đều biết rằng là. Các doanh nghiệp Mỹ. Ví dụ như là Trump Organization. Thì vừa xong là có cái dự án.
data55_235,data55,2082.76,2091.4,"Ở Hưng Yên 1 tỷ rưỡi sắp tới lại có dự án ở Thủ Thiêm một loạt các dự án của các tập đoàn về năng lượng, tái tạo.","Hương Yên 1 tỷ rưỡi sắp tới lại có dự án ở Thủ Thiêm một loạt các dự án của các tập đoàn về năng lượng, tái tạo"
data55_236,data55,2091.48,2126.03,"Các thứ thì sẽ có cơ hội mở ra và có thể có những cái được những cái ưu đại hơn trong cái vấn đề tại Việt Nam. Thì đấy là cái lợi ích mà cho bản thân các công ty Mỹ đầu tư vào Việt Nam. Thứ hai nữa rằng là một thứ ba nữa rằng là rất nhiều các sản phẩm Việt Nam như mình nói. Trump cũng đã xác nhận lại đó là những cái sản phẩm đó là nước Mỹ không muốn đưa về Việt Nam và bản thân là những nước mà đưa sang Việt Nam để mà sản xuất, dịch chuyển từ Trung Quốc sang Việt Nam.","Hoặc là các thứ thì sẽ có cơ hội mở ra và có thể có những cái, được những cái ưu đại hơn trong cái vấn đề đó tại Việt Nam. Thì đó là cái lợi ích mà cho bản thân các công ty Mỹ đầu tư về Việt Nam. Thứ hai nữa là, thứ ba nữa là rất nhiều cái sản phẩm Việt Nam như mình nói, Trump cũng đã xác nhận lại đó là những cái sản phẩm đó là nước Mỹ không muốn đưa về Việt Nam. Và bản thân là những nước mà đưa sang Việt Nam để mà sản xuất, dịch chuyển từ Trung Quốc sang Việt Nam trong cái nhiệm kỳ đầu tiên của Trump thì thực ra thực hiện đúng theo cái..."
data55_237,data55,2126.28,2149.33,Ý đồ chiến lược của Trump là đưa những sản xuất ra khỏi Trung Quốc sang các nước khác mà họ thành nhiên là bản thân các doanh nghiệp Mỹ bây giờ họ cũng đang nói là tại sao lúc đó thì tôi thực hiện theo. Cái định hướng chiến lược của Trump trong vấn đề đưa các cái sản xuất đó sang một nước thứ ba mà Việt Nam trở nên là một cái nước rất lý tưởng để làm việc đó thì nay lại phải chịu về những cái chính sách thuế mới thì cái điều việc đó thì.,Chúng tôi đã đưa các sản xuất ra khỏi Trung Quốc sang các nước khác. Bản thân các doanh nghiệp Mỹ bây giờ cũng đang nói ra tại sao lúc đó tôi thực hiện theo định hướng chính lược của Trump trong vấn đề đưa các sản xuất đó sang một nước thứ ba mà Việt Nam trở nên là một nước rất lý tưởng để làm việc đó. Thì nay lại phải chịu về những chính sách thuế mới. Thì cái điều việc đó thì...
data55_238,data55,2149.42,2166.93,Chắc mọi người cũng biết rằng là các cái phòng thương mại và công nghiệp Mỹ rồi là hội đồng thương mại Asia cũng đang đưa ra cái vấn đề là đối với cả những nước như Việt Nam thì vẫn phải có những cái sự tôn trọng trong cái vấn đề là định hướng chứng liệt của Mỹ đối với Việt Nam.,"Chắc mọi người cũng biết rằng là các phòng thương mại và công nghiệp Mỹ, rồi là Hội đồng Thương mại Việt Nam, US, ASEAN đang đưa ra cái vấn đề là đối với cả những nước như Việt Nam thì vẫn phải có những sự tôn trọng trong cái vấn đề là định hướng chứng liệt của Mỹ đối với Việt Nam."
data55_239,data55,2167.85,2173.61,Một điểm. Cuối cùng nữa thì mình nghĩ rằng là. Về mặt. Về chính trị thì.,Một điểm cuối cùng nữa thì mình nghĩ rằng là về mặt diện chính trị thì...
data55_240,data55,2173.58,2186.68,Cũng không muốn nhìn thấy Việt Nam sẽ yếu đi trong tương lai vì cái quan hệ đối tác chiến lược của Việt Nam với cả Mỹ thì cũng có lợi cho không phải cho Việt Nam và cả Mỹ mà các nước ở trong.,Nước Mỹ cũng không muốn nhìn thấy Việt Nam sẽ yếu đi trong tương lai vì quan hệ đối tác chiến lược của Việt Nam với cả Mỹ thì cũng có lợi cho không phải cho Việt Nam mà cả Mỹ mà các nước ở trong khu vực.
data55_241,data55,2186.76,2191.72,Cái sự ổn định chung thì mình nghĩ đó là một cái lợi ích chiến lược của Mỹ thì mình nghĩ đó là cái tốt cho tất cả các nước.,Đó là một sự ổn định chung thì mình nghĩ đó là một lợi ích chiến lược của Mỹ thì mình nghĩ đó là một lợi ích tốt cho tất cả các nước.
data55_242,data55,2191.86,2200.9,Cái việc ổn định của kinh tế Việt Nam cũng sẽ dẫn tới cái sự ổn định kinh tế ở khu vực thì đó là một cái nguyên nguyên cho tất cả mọi người đều được hưởng từ cái vấn.,Cái việc ổn định của kinh tế Việt Nam cũng sẽ dẫn tới sự ổn định kinh tế ở khu vực thì đó là một cái nguyên nguyên cho tất cả mọi người đều được hưởng từ cái vấn đề đó.
data55_243,data55,2200.9,2211.76,Nên là lý do mình nói rằng là thuế thì sẽ chắc là sẽ không thấp như trước đây. Nhưng mà sẽ không đến nỗi là mọi người phải.,"Nên là lý do mình nói rằng là thuế thì sẽ sắc là sẽ không thấp như trước đây, nhưng mà sẽ không đến nỗi là mọi người phải bi quan."
data55_244,data55,2212.36,2219.64,Nữ rằng là thậm chí rằng mình nhìn thấy nhiều yếu tố tích cực hơn nếu như là Việt Nam đạt được cái thỏa thuận thuế với cả Mỹ trong thời gian sắp.,Thứ hai nữa rằng là thậm chí rằng mình nhìn thấy nhiều yếu tố tích cực hơn nếu như là Việt Nam đạt được cái thỏa thuận thuế với cả Mỹ trong thời gian sắp tới.
data55_245,data55,2220.12,2230.2,Và mọi người cũng biết rằng là trong những đối tác đàm phán với cả Mỹ thì họ chọn Hàn Quốc và Nhật Bản đầu tiên để đàm phán.,Và mọi người cũng biết rằng là trong những cái đối tác mà đàm phán với cả Mỹ thì họ chọn là Hàn Quốc và Nhật Bản đầu tiên để đàm phán.
data55_246,data55,2230.2,2245.1,Bây giờ họ cũng không đạt được thỏa thuận anh thì đạt được một cái khung nhưng mà thực ra anh thì là nước xuất siêu đối với Mỹ. Thì thành ra là hiện bây giờ nó cần phải tìm một cái đối tác đàm phán để chứng minh rằng cái học thuyết.,"Nhưng đến bây giờ họ cũng không đạt được thỏa thuận. Anh thì đạt được một cái khung, nhưng mà thực ra Anh thì là nước xuất siêu đối với Mỹ. Thế nên là hiện bây giờ họ cần phải tìm một cái đối tác đàm phán để chứng minh rằng cái học thuyết..."
data55_247,data55,2245.34,2260.01,"Tariff của Trump, cái nghệ thuật đàm phán của Trump đạt được một kết quả cụ thể nào đó thì bây giờ chỉ có Việt Nam và Ấn Độ là hai nước có thể gần nhất mà thậm chí Ấn Độ thì có lẽ sẽ không nhanh bằng Việt Nam thì có thể họ sẽ chọn Việt Nam sẽ là một cái case, một cái case thành công.","Nếu Trump đạt được kết quả cụ thể nào đó, thì chỉ có Việt Nam và Ấn Độ, thậm chí Ấn Độ sẽ không nhanh bằng Việt Nam. Có thể họ sẽ chọn Việt Nam là một cái case thành công."
data55_248,data55,2260.0,2269.1,Một cái trường hợp đàm phán thành công và chứng minh cho là cái học thuyết đàm phán và cái học thuyết thương mại của Trump là thành công thì điều đó thậm chí lại sẽ là rất là.,Một cái trường hợp đàm phán thành công và chứng minh cho là cái học thuyết đàm phán và cái học thuyết thương mại của Trump là thành công thì điều đó thậm chí sẽ là rất là tốt.
data55_249,data55,2269.1,2273.22,Một cái xem cái hình ảnh trong mọi người thấy rằng là nếu như một cái đối.,Để một cái hình ảnh cho mọi người thấy rằng là nếu như một cái đối tác.
data55_250,data55,2274.62,2283.54,"Thiện trí như vậy, phối hợp như vậy thì sẽ có những cái mức thuế quan mà phù hợp, như là mọi người tất cả đều là rất là.",Thiện trí như vậy phối hợp như vậy thì sẽ có những cái mức thuế quan mà phù hợp như là mọi người tất cả đều là rất là.
data55_251,data55,2284.22,2293.78,"Đợi chờ cái việc đó, nhưng mình nghĩ việc đó nó sẽ đến ở cái mức độ mà mình nghĩ sẽ không đến nỗi phải bi quan nhưng mà mọi người vẫn có thể lo lắng đến từ giờ.",Đợi chờ cái việc đó nhưng mình nghĩ cái việc đó nó sẽ đến ở một cái mức độ mà mình nghĩ sẽ không đến nỗi phải bi quan nhưng mà mọi người vẫn có thể lo lắng đến thời điểm bây giờ.
data55_252,data55,2297.98,2299.66,Cảm ơn chia sẻ của anh Hoài Anh.,Cảm ơn chia sẻ của anh Hoài Anh.
data55_253,data55,2299.77,2307.71,Em xin tổng kết về mặt quan điểm của anh Hoài Anh về chính sách mới tới của Trump là lạc quan song thận trọng. Hy vọng là chúng ta.,em xin tổng kết về mặt quan điểm của anh Hoài Anh về chính sách mới tới của Trâm là lạc quan trong thận trọng. Hy vọng là chúng ta sẽ
data55_254,data55,2307.85,2317.09,Những cái tin vui hoặc là ít nhất là tin tích cực hoặc là ít nhất nữa là những tin mà chúng ta đã dự đoán về cái chính sách thuế mới của Trump áp dụng cho Việt Nam.,Đón chờ những tin vui hoặc là ít nhất là tin tích cực hoặc là ít nhất nữa là những tin mà chúng ta đã dự đoán về chính sách thuế mới của Trump áp dụng cho Việt Nam.
data55_255,data55,2317.89,2320.21,Xin quay trở lại về diễn biến thị trường.,Xin quay trở lại về diễn biến thị trường.
data55_256,data55,2321.77,2331.09,"Câu này, chắc là em xin phép để hỏi tiếp anh Hoài Anh. Yêu tiên anh ngồi gần. Anh Hoài Anh ạ, trong 4 tháng đầu.","Câu này, em xin phép hỏi tiếp anh Hoài Anh. Ưu tiên anh ngồi gần. Anh Hoài Anh, trong 4 tháng đầu năm."
data55_257,data55,2331.09,2339.89,Tổng khối lượng bán dòng nhà đầu tư nước ngoài Việt Nam khoảng 42 ngàn tỷ vẫn tiếp tục xu hướng bán dòng trong vòng mấy năm hiện nay. Tuy nhiên là tháng 5 thì có một số phiên.,Thì tổng khối lượng bán dòng của nhà đầu tư nước ngoài Việt Nam khoảng 42.000 tỷ vẫn tiếp tục cái xu hướng bán dòng trong mấy năm hiện nay. Tuy nhiên là tháng 5 thì có một số phiên.
data55_258,data55,2339.89,2343.89,Đến giữa tháng năm thì cái xu hướng bán dòng này nó có xu hướng đảo.,Khoảng đến giữa tháng 5 thì cái xu hướng bán dòng này nó có xu hướng đảo ngược.
data55_259,data55,2345.41,2354.85,Như vậy là liệu với trong một cái bối cảnh vĩ mô rất là thế giới rất là bất định và khó đoán như hiện nay thì liệu Việt Nam có trở thành một cái điểm sáng hơn để cho nhà đầu tư nước ngoài đảo.,Như vậy là liệu với trong một cái bối cảnh vĩ mô rất là thế giới rất là bất định và khó đoán như hiện nay thì liệu Việt Nam có trở thành một cái điểm sáng hơn để cho nhà đầu tư nước ngoài đảo ngược.
data55_260,data55,2354.85,2358.15,Chính sách bán dòng mà đã duy trì rất là lâu hiện nay.,Cái chính sách bán rồng mà đã duy trì rất là lâu hiện nay hay không?
data55_261,data55,2359.65,2371.71,Vì là quỹ của mình thì là đầu tư trung và dài hạn tức là từ 3 năm trở lên và số lượng lớn là khoảng 150-200 triệu một cái đầu tư. Thành nhiên là mình cũng rất là.,"Vì quỹ của mình là đầu tư chung và dài hạn, từ 3 năm, 5 năm trở lên và số lượng lớn là khoảng 150-200 triệu một đầu tư."
data55_262,data55,2372.28,2389.06,Khó đưa ra cái nhận định về các cái nhà đầu tư mà mua bán cổ phiếu trên sàn chứng khoán hàng ngày hoặc là giao dịch trong thời gian 6 tháng đến 1 năm nhưng mà mình nghĩ rằng là có một số cái điểm mà mọi người cũng cân nhắc về cái.,Và khó đưa ra cái nhận định về các cái nhà đầu tư mà mua bán cổ phiếu trên sàn trường khoán hàng ngày hoặc là giao dịch trong thời gian 6 tháng đến 1 năm. Nhưng mà mình nghĩ rằng là có một số cái điểm mà mọi người cũng cân nhắc về cái...
data55_263,data55,2389.5,2407.76,Vấn đề là cái cổ phiếu của Việt Nam trên thị trường thế nào so sánh với cả các nước xung quanh và đồng thời quan tâm của các nhà đầu tư đối với thị trường Việt Nam thứ nhất rằng là những cái cổ phiếu mà sẽ nhà đầu tư.,Vấn đề là cổ phiếu của Việt Nam trên thị trường thế nào so sánh với các nước xung quanh và đồng thời quan tâm của các nhà đầu tư đối với thị trường Việt Nam. Thứ nhất là những cổ phiếu mà các nhà đầu tư sẽ quan tâm.
data55_264,data55,2408.22,2416.4,Thì một số đã nói ví dụ như là cổ phiếu với cái tăng trưởng tiến dụng của ngân hàng của 16% năm nay.,Một số đã nói ví dụ như là cổ phiếu với tăng trưởng tiến dụng của ngân hạ của 16% năm nay.
data55_265,data55,2416.5,2421.02,Là các cổ phiếu ngân hàng thì chắc chắn là sẽ rất là tốt mình chỉ nói những cái gì mà.,Thì các cổ phiếu ngân hàng chắc chắn sẽ rất là tốt. Mình chỉ nói những gì mà mình biết.
data55_266,data55,2421.03,2439.09,"Ví dụ như là HD Bank là cái ngân hàng mình đầu tư vào và thời điểm mình đầu tư là khoảng 2020. Tức là thời điểm rất là khó khăn, thời điểm bắt đầu Covid. Thì đến bây giờ thì bọn mình tính lại cũng rất là thành công. Sau 4 năm thì cũng tăng khoảng 100%.","Ví dụ như là HD Bank là cái ngân hàng bọn mình đầu tư vào và thời điểm bọn mình đầu tư là khoảng 2020, tức là thời điểm khó khăn, rất là khó khăn, thời điểm bắt đầu Covid. Thì đến bây giờ thì bọn mình tính lại cũng rất là thành công, sau 4 năm thì tăng khoảng 100%."
data55_267,data55,2439.08,2451.08,"Và nếu nhìn về mặt là cái cổ phiếu của HD Bank chẳng hạn thì là tăng trưởng về lợi nhuận trước thuế của họ là 30% 1 năm, tỷ suất AOE của họ là khoảng 29% 1 năm.","Nếu nhìn về mặt là cổ phiếu của HDBank chẳng hạn thì là tăng trưởng về lợi nhuận trước thuế của họ là 30% một năm, tỷ suất AOE của họ là khoảng 29% một năm."
data55_268,data55,2451.35,2471.87,"Sắp tới thì với cái cả những cái triển vọng của HD Bank ví dụ như là họ có cái co banking mới. Họ có cái việc sát nhập của ngân hàng Đông Á, rồi là tìm nhà đầu tư chiến lược, nâng cái room đầu tư lên 49% thì thoại thị hiện nay chắc là mọi người đều biết rằng là.","Sắp tới thì với cả những cái triển vọng của HDBank, ví dụ như là họ có cái core banking mới, họ có cái việc sát nhập của ngân hàng Đông Á, rồi là tìm nhà đầu tư chiến lược, nâng cái room đầu tư lên 49%. Thì tại thỉnh viện này chắc là mọi người cũng đều biết rằng là..."
data55_269,data55,2472.08,2490.77,Trên cái hoạt động hợp đồng quản trị thì cũng đưa ra cái phương án là tìm nhà đầu tư chiến lược và hiện bây giờ có rất nhiều nhà đầu tư chiến lược quan tâm đến. HDB và đồng thời quan tâm đến các ngân hàng ở Việt Nam hay là ví dụ như là ngân hàng của Việt Công Bán để mình cũng tham gia từ thời điểm là bắt đầu cổ phần hóa sau đó thì đưa các nhà đầu tư.,Trên cái hợp đồng quản trị thì cũng đưa ra cái phương án là tìm nhà đầu tư chiến lược và hiện bây giờ có rất nhiều nhà đầu tư chiến lược quan tâm đến HDB và đồng thời quan tâm đến các ngân hàng ở Việt Nam hay là ví dụ như là ngân hàng của Vietcombank thì mình cũng tham gia từ thời điểm là bắt đầu cổ phần hóa sau đó thì đưa các nhà đầu tư.
data55_270,data55,2490.99,2500.85,Cái chiến lược vòng 1 là Mizuho sau đó là GIC cùng sau đó là vòng 2 tiếp tục là Mizuho tăng vốn và GIC tiếp tục đầu tư và Bankers' Surround thì.,"Chiến lược vòng 1 là Mizuho, sau đó là GIC, cùng sau đó là vòng 2 tiếp tục là Mizuho tăng vốn và GIC tiếp tục đầu tư và Bankers to run."
data55_271,data55,2501.14,2515.02,"Mặc dù là ngân hàng Vietcombank thì được luôn luôn giao dịch ở cái PB tức là rất là cao, khoảng 3 lần, thậm chí là có lúc 4 lần. Nhưng tất cả các nhà đầu tư đầu tư vào Vietcombank thì đều rất là thành công và rất là.","Mặc dù là ngân hàng Việt Công Bang thì được luôn luôn giao dịch ở một cái PB rất là cao, khoảng 3 lần, thậm chí có lúc 4 lần, nhưng tất cả các nhà đầu tư đầu tư vào Việt Công Bang thì đều rất là thành công và rất là lãi."
data55_272,data55,2515.42,2519.14,Thì do sao là vì họ có đội ngũ quản lý rất là.,Thì do sao là vì họ có đối mục quản lý rất là tốt.
data55_273,data55,2519.34,2525.74,Rất nhiều những cái mặt mạnh về vấn đề về quản lý cái lượng ngoại hối.,Họ có rất nhiều những cái mặt mạnh về vấn đề quản lý cái luận ngoại hối.
data55_274,data55,2525.74,2535.3,Quản lý về các doanh nghiệp lớn tại Việt Công Bank tương tự như vậy thôi thì các ngân hàng như ngân hàng quân đội ngân hàng tích.,"Rồi là quản lý về các cái doanh nghiệp lớn tại Vietcombank. Tương tự như vậy thôi. Thì các cái ngân hàng như ngân hàng quân đội, ngân hàng Ticcombank."
data55_275,data55,2535.3,2542.08,Thì mình nghĩ sắp tới là cái. VP Bank họ cũng sẽ là tốt. Thế nên mình nghĩ là cổ phiếu của.,Thì mình nghĩ sắp tới cái VP Bank họ cũng sẽ là tốt. Thế nhưng mình nghĩ là cổ phiếu của VP Bank.
data55_276,data55,2542.08,2546.82,"À, xin lỗi, cổ hiến của các ngân hàng trong thời gian tới thì chắc là sẽ là rất là.",Xin lỗi của Hiệp vụ các ngân hàng trong thời gian tới thì chắc chắn sẽ rất là tốt.
data55_277,data55,2547.38,2562.6,Vì mình đã thấy rằng là ngay cả bán dân lúc khó khăn nhất cũng như là lúc mà tất nhiên thuận lợi thì không làm gì thì đều rất là tốt và trung bình. Như là bọn mình đầu tư Hardbank thì mỗi năm là lợi nhuận tăng khoảng 20%.,Vì mình đã thấy rằng là ngay cả lúc khó khăn nhất cũng như là lúc mà tất nhiên toàn loại thì không làm gì thì đều rất là tốt và trung bình như là bọn mình đầu tư Harder Bank thì mỗi năm là lợi nhuận tăng khoảng 20%.
data55_278,data55,2563.45,2582.94,"Hai nữa là đối với các cổ phiếu khác như mọi người đã nói, như là liên quan cơ sở hạ tầng, xây dựng các thứ v.v. Và một điều nữa mọi người cũng ít nói tới đó là cổ phiếu trực quan tại vì sắp tới là.","Hai nữa là đối với các cổ phiếu khác như mọi người đã nói, như là liên quan cơ sở hỏa tầng, xây dựng các thứ v.v. Và một điều nữa mọi người cũng ít nói tới, đó là cổ phiếu trương khoản. Tại vì sắp tới là..."
data55_279,data55,2583.06,2598.04,"Với cái lượng tiền lớn như vậy ra thị trường như vậy, với tăng trưởng tốt như vậy của doanh nghiệp thì mình nghĩ rằng là sẽ có một lượng tiền sẽ tiếp tục đầu tư vào thị trường chứng khoán. Và như vậy thì cổ phiếu của chứng khoán cũng sẽ tiếp tục sẽ rất là tốt.","Với lượng tiền lớn như vậy ra thị trường như vậy, với tăng trưởng tốt như vậy của doanh nghiệp, thì mình nghĩ rằng sẽ có lượng tiền tiếp tục đầu tư vào thị trường trứng khoán. Và như vậy thì cổ phiếu của trứng khoán cũng sẽ tiếp tục rất là tốt."
data55_280,data55,2598.37,2602.93,Thành nhiên là mình rất là khó nói rằng là một cái.,Hình như là mình rất là khó nói rằng là một cái...
data55_281,data55,2603.32,2608.46,Trong vòng 6 tháng đến 1 năm tới thì cái lượng tiền của nhà đầu tư quay lại Việt Nam như thế nào?,Trong vòng 6 tháng đến 1 năm tới thì cái lượng tiền của nhà đầu tư quay lại Việt Nam như thế nào.
data55_282,data55,2608.46,2613.74,Mà mình tin rằng là nó sẽ tiếp tục vào những cái cổ phiếu.,Nhưng mà mình tin rằng là nó sẽ tiếp tục vào những cái cổ phiếu cụ thể.
data55_283,data55,2614.04,2619.96,"Đối với cả thị trường thì mình nghĩ rằng là sẽ không có nhiều thay đổi lớn, ví dụ vì mấy điểm.",Còn đối với cả thị trường thì mình nghĩ rằng là sẽ không có nhiều thay đổi lớn. Ví dụ vì mấy điểm sau.
data55_284,data55,2620.16,2629.7,Thứ nhất là cái chi phí vốn ở Việt Nam và huy động vốn trên thị trường thế giới bây giờ vẫn là rất là cao. Lãi suất cơ bản vẫn là khoảng 4.5 đến 5%.,Thứ nhất là cái chi phí vốn ở Việt Nam và huy động vốn trên thị trường thế giới bây giờ vẫn là rất là cao. Lãi suất cơ bản vẫn là khoảng 4.5 đến 5%.
data55_285,data55,2629.9,2636.98,Thì việc đầu tư vào Việt Nam mà cái mức lợi nhuận của nó ít nhất là nó phải.,Thì việc đầu tư vào Việt Nam cái mức lợi nhuận của nó ít nhất là nó phải...
data55_286,data55,2636.96,2643.72,20 đến 20% một năm thì nó mới bù đắp được cho cái vấn đề là chi phí vốn mà đồng đô cũng như là cái trượt giá của đồng.,15 đến 20% một năm thì nó mới bù đắp được cho cái vấn đề là chi phí vốn bằng đồng đô cũng như là cái trượt giá của đồng...
data55_287,data55,2644.0,2675.12,Để đạt được thứ hai nữa là cái lượng tiền đầu tư vào Mỹ trong những năm vừa xong rất là thành công nếu như ai đầu tư vào cổ phiếu Mỹ thì đều biết. Và theo dõi thị trường chứng khoán Mỹ thì không phải cần vào cổ phiếu cụ thể như là NVDA chẳng hạn thì trong vòng 5 năm vừa xong thì nó tăng khoảng 2000% nhưng mà chỉ cần.,Việt Nam để đạt được thứ 2 nữa là cái lượng tiền đầu tư vào Mỹ trong những năm vừa xong rất là thành công nếu như ai đầu tư vào cổ phiếu Mỹ thì đều biết và theo dõi thị trường truyền quán Mỹ thì không phải cần vào cổ phiếu cụ thể ví dụ như là Nvidia chẳng hạn thì trong vòng 5 năm vừa xong thì nó tăng khoảng 2000% nhưng mà chỉ cần mua cái cổ phiếu index của SP500 thôi thì mỗi năm nó tăng trưởng trung bình khoảng 20% rồi mà bằng đồng đô.
data55_288,data55,2675.36,2691.03,Ở thị trường Việt Nam thì là cổ phiếu là vẫn lanh quanh 1.2 từ cách đây 10 năm và hy vọng rằng là sau tương lai sẽ tăng lên. Thì nhà đầu tư nước ngoài thì họ không phải chỉ đầu tư về Việt Nam nhưng mà họ sẽ đầu tư vào các thị trường khác thì nếu như là.,Ở thị trường Việt Nam thì là cổ phiếu là vẫn loanh quanh 1.200 từ cách đây 10 năm và hy vọng rằng là trong tương lai sẽ tăng lên. Thì nhà đầu tư nước ngoài thì họ không phải chỉ có đầu tư về Việt Nam nhưng mà họ sẽ đầu tư vào các cái thị trường khác.
data55_289,data55,2691.19,2709.81,"Cái tỷ suất lợi nhuận của các doanh nghiệp Việt Nam không tăng, tăng trưởng của các doanh nghiệp Việt Nam không tăng thì cái khả năng thu hút các nhà đầu tư quay trở lại thị trường Việt Nam rất là khó. Mặc dù là điều kiện kinh tế vĩ mô rất là tốt, rất là thuận lợi tại vì họ còn có những cái cơ hội đầu tư các cái thị trường khác mà cái tỷ suất lợi nhuận của họ cao hơn ví dụ như thị trường Mỹ.","Cái tỷ suất lợi nhuận của các doanh nghiệp Việt Nam không tăng, tăng trưởng của các doanh nghiệp Việt Nam không tăng thì cái khả năng thu hút các nhà đầu tư quay trở lại thị trường Việt Nam rất là khó. Mặc dù là điều kiện kinh tế vĩ mô rất là tốt, rất là thuận lợi. Tại vì họ còn có những cơ hội đầu tư các thị trường khác mà cái tỷ suất lợi nhuận của họ cao hơn. Ví dụ như thị trường Mỹ."
data55_290,data55,2713.0,2738.78,"Cái câu chuyện mà cơ hội chi phí cơ hội đầu tư của các nhà đầu tư nước ngoài trên thị trường thế giới thì chắc là em xin phép hỏi chị Lệ một câu bởi vì anh Hoài Anh có nhắc đến định giá của thị trường Việt Nam. Thì theo quan điểm của chị định giá thị trường Việt Nam so với các thị trường mà có thể so sánh được. Chắc là thời gian lời lượng chương trình có hạn em cũng xin phép cho anh chị trả lời nha anh. Định giá thị trường Việt Nam so với cái thị trường so sánh, thị trường cận biên, thị trường mới nồi và thị trường phát triển trên thế giới như thế nào? Yếu có hấp dẫn với nhà đầu tư","Trở lại cái câu chuyện mà cơ hội, chi phí cơ hội đầu tư của các nhà đầu tư nước ngoài trên thị trường thế giới. Thì chắc là em xin phép hỏi chị Lệ một câu bởi vì anh Hoài Anh có nhắc đến định giá của thị trường Việt Nam. Thì theo quan điểm của chị định giá thị trường Việt Nam so với các thị trường mà có thể so sánh được. Chắc là thời gian, lời lượng chương trình có hạn. Em cũng xin phép các anh chị trả lời nhanh. Định giá thị trường Việt Nam so với cái thị trường so sánh, thị trường cận biên, thị trường mỗi nồi và thị trường phát triển trên thế giới như thế nào? Điều có hấp dẫn với nhà đầu tư nước ngoài hay không?"
data55_291,data55,2739.68,2768.05,"Chị nghĩ là chị cũng muốn bổ sung thêm một chút cái phần câu hỏi mà em dành cho anh Hoài Anh. Thì thật ra cái dòng vốn nước ngoài vào Việt Nam nó không chỉ bị tác động bởi bản thân thị trường Việt Nam. Mà như anh Hoài Anh đã nói là nhà đầu tư nước ngoài, nhất là những cái định chế tài chính lớn. Khi người ta đầu tư là người ta có cái chiến lược toàn cầu, người ta sẽ khoan vùng là người ta muốn tập trung vào những cái khu vực nào.",Chị nghĩ là chị cũng muốn bổ sung thêm một chút cái phần câu hỏi mà em dành cho anh Hoài Anh. Thì thật ra cái dòng vốn nước ngoài và Việt Nam nó không chỉ bị tác động bởi bản thân thị trường Việt Nam mà như anh Hoài Anh đã nói là nhà đầu tư nước ngoài nhất là những cái định chế tài chính lớn khi người ta đầu tư là người ta có cái chiến lược toàn cầu người ta sẽ khoanh vùng là người ta muốn tập trung vào những cái khu vực nào.
data55_292,data55,2768.7,2781.64,"Và thường thì trong giới đầu tư thì họ chia ra là Developed Markets, Emerging Markets và Frontier Markets. Thì năm ngoái rõ ràng là những cái cổ phiếu công nghệ ở Mỹ người ta có cái gọi là Magnificent Seven tức là 7 cái cổ phiếu công nghệ lớn nhất.","Và thường thì trong giấy đầu tư thì họ chia ra là Developed Markets, Emerging Markets và Frontier Markets thì năm ngoái rõ ràng là những cái cổ phiếu công nghệ ở Mỹ người ta có cái gọi là Magnificent Seven tức là 7 cái cổ phiếu công nghệ lớn nhất"
data55_293,data55,2781.73,2788.49,Thì rõ ràng năm ngoái là MAC7 ở Mỹ là cái gọi là hiệu suất đầu tư nó quá tuyệt vời.,Thì rõ ràng năm ngoái là Max7 ở Mỹ là cái gọi là hiệu suất đầu tư nó quá tuyệt vời luôn.
data55_294,data55,2788.59,2796.21,Và thứ hai là mặt bằng chung thì cái tỷ suất lợi nhuận của Mỹ như là anh Hải có chia sẻ trong cái phần một là cái risk free đã đạt 5%.,Và thứ hai là mặt bằng chung thì cái tỷ suất lợi nhuận của Mỹ. Như là anh Hải có chia sẻ trong cái phim 1 là cái risk free đã 5%.
data55_295,data55,2796.83,2806.43,Và đối với nhà đầu tư khi đầu tư vào những cái thị trường cận biên như Việt Nam thì vấn đề tỷ giá luôn luôn là một trong những cái concern chính và khi đầu tư vào Mỹ thì họ không có bị cái concern.,Và đối với nhà đầu tư khi đầu tư vào những cái thị trường cận biên như Việt Nam. Thì vấn đề tỷ giá luôn luôn là một trong những cái concern chính. Và khi đầu tư vào Mỹ thì họ không có bị cái concern này.
data55_296,data55,2807.41,2815.57,Cho nên là đối với nhà đầu tư nước ngoài khi nhìn vào thị trường Việt Nam thì chúng ta không thể nói tất nhiên định giá hấp dẫn là một yếu tố nhưng nó không phải là tất cả.,Cho nên là đối với nhà đầu tư nước ngoài khi nhìn vào thị trường Việt Nam thì chúng ta không thể nói tất nhiên định giá hấp dẫn là một yếu tố nhưng nó không phải là tất cả.
data55_297,data55,2815.87,2821.17,Người ta nhìn vào những yếu tố khác cũng quan trọng. Và tất cả những cái đó nó phản ánh vào hiệu suất cuối cùng.,Người ta nhìn vào những yếu tố khác cũng quan trọng và tất cả những cái đó nó phản án vào hiệu suất cuối cùng.
data55_298,data55,2821.78,2829.77,Cho nên là hiện tại thì tôi nghĩ là sau cái ngày 2 tháng 4 khi ông Trầm ông tuyên bố cái mức thuế đối ứng.,Cho nên là hiện tại thì tôi nghĩ là sau cái ngày 2 tháng 4 Khi ông Trâm ông tuyên bố cái mức thuế đối ứng
data55_299,data55,2830.19,2840.95,Và thị trường Việt Nam đảm sâu thì rõ ràng là chúng ta thấy sau đó là bắt đầu có cái nhà đầu tư tức là net buy từ nhà đầu tư nước ngoài vào thị trường Việt Nam nhưng.,"Và thị trường Việt Nam giảm sâu, thì rõ ràng là chúng ta thấy sau đó là bắt đầu có cái nhà đầu tư nước, tức là net buy từ nhà đầu tư nước ngoài và thị trường Việt Nam."
data55_300,data55,2841.29,2850.35,Để nói là cái khuynh hướng này nó sẽ kéo dài trong thời gian tới thì thật sự chúng tôi cũng chưa đủ can đảm để mà đưa ra cái khẳng định.,Để nói là cái khuyên hướng này nó sẽ kéo dài trong thời gian tới thì thật sự chúng tôi cũng chưa đủ can đảm để mà đưa ra cái khẳng định này.
data55_301,data55,2850.49,2860.57,Tại vì thật ra thì nó có thể chỉ là những cái mang tính chất cơ hội trong cái thời điểm hiện tại khi mà vẫn còn nhiều những cái yếu tố bất ổn và moving.,Tại vì thật ra thì nó có thể chỉ là những cái mang tính chất cơ hội trong cái thời điểm hiện tại khi mà vẫn còn nhiều những cái yếu tố bất ổn và moving pieces.
data55_302,data55,2860.97,2870.49,Cho nên để xem là cái dòng vốn nước ngoài có thực sự là quay trở lại Việt Nam sau khi đã bán ròng khám mạnh trong năm 2024 và trong quý 1.,Cho nên để xem là cái dòng bốn nước ngoài có thực sự là quay trở lại Việt Nam sau khi đã bán rộng khá mạnh trong năm 2024 và trong quý I hay không.
data55_303,data55,2870.49,2878.23,Thì tôi nghĩ là cũng phải chờ đợi thêm vài tháng nhất là sau khi có cái kết quả cuối cùng về đàm phán thương mại giữa Mỹ và Việt Nam và tất cả các nước liên quan.,Thì tôi nghĩ là cũng phải chờ đợi thêm vài tháng nhất là sau khi có cái kết quả cuối cùng về đàm phán thương mại giữa Mỹ và Việt Nam và tất cả các nước liên quan.
data55_304,data55,2881.05,2886.43,Ở góc độ của chúng tôi khi mà tiếp cận với những nhà đầu tư nước ngoài đầu tư vào Việt Nam.,Ở góc độ của chúng tôi khi mà tiếp cận với những cái nhà đầu tư nước ngoài đầu tư vào Việt Nam.
data55_305,data55,2887.27,2895.79,Thì hầu hết đều có một cái tin tưởng vào cái câu chuyện long thơm của kinh tế Việt Nam. Họ nhìn vào nước chúng ta.,Thì hầu hết đều có một cái tin tưởng vào cái câu chuyện long term của kinh tế Việt Nam. Họ nhìn vào nước chúng ta.
data55_306,data55,2895.79,2905.78,Trăm triệu dân số 100 triệu người trẻ tiêu thụ nội địa mạnh và như là anh Hoài Anh có nói là thật ra Việt Nam.,"100 triệu dân số, 100 triệu người trẻ tiêu thụ nội địa mạnh và như là anh Hoài Anh có nói là thật ra Việt Nam."
data55_307,data55,2905.78,2915.56,Một cái vai trò mang tính chiến lược trong khu vực cho nên là nó không chỉ là nhìn ở góc độ về kinh tế hay thương mại nó còn về chính trị.,"Cũng đóng một cái vai trò mang tên chiến lược trong khu vực cho nên là nó không chỉ là nhìn ở góc độ về kinh tế hay thương mại, nó còn về chính trị nữa."
data55_308,data55,2916.46,2924.16,Cho nên là Mỹ tôi nghĩ là khi mà đàm phán với Việt Nam thì người ta cân nhắc tất cả yếu tố đấy chứ không đơn thuần chỉ là vấn đề về thương mại.,Cho nên là Mỹ tôi nghĩ là khi mà đàm phán với Việt Nam thì người ta cân nhắc tất cả yếu tố đấy chứ không đơn thuần chỉ là vấn đề về thương mại.
data55_309,data55,2925.24,2934.4,Để trả lời câu hỏi của em là nhà đầu tư nước ngoài có quay lại nhiều trong thời gian tới thì thật sự tôi.,Để mà trả lời cái câu hỏi của em là nhà đầu tư nước ngoài có quay lại nhiều trong thời gian tới thì thật sự tôi cũng.
data55_310,data55,2934.8,2937.68,Ở thời điểm này tôi cũng chưa thể đưa ra cho em một cái khẳng định.,Ở thời điểm này tôi cũng chưa thể đưa ra cho em một cái khẳng định.
data55_311,data55,2938.92,2952.45,"Cảm ơn chị Lệ. Hy vọng là với các chính sách mà thúc đẩy tăng trưởng kinh tế ở Việt Nam thì nền kinh tế Việt Nam không những là ở mức độ tăng trưởng. Như hiện như những năm vừa qua mà còn ở mức ổn định, như chị Lệ có đề cập thì quan điểm ổn định tỷ giá.","Cảm ơn chị Lệ. Hy vọng là với các chính sách mà thúc đẩy tăng trưởng kinh tế ở Việt Nam thì nền kinh tế Việt Nam không những là ở mức độ tăng trưởng như hiện như những năm vừa qua mà còn ở mức ổn định, như chị Lệ có đề cập, liên quan đến ổn định tỷ giá."
data55_312,data55,2952.62,2958.57,"Với những chính sách về thúc đẩy tăng trưởng kinh tế, thúc đẩy kinh tế tư nhân, thành lập trung tâm.","Với những chính sách về thúc đẩy tăng trưởng kinh tế, thúc đẩy kinh tế tư nhân, thành lập trung tâm tài năng,"
data55_313,data55,2958.56,2964.08,Vn văn thì nâng hạng thị trường lên thị trường mới nổi vào tháng 9 này.,Tài chính vân vân thì nâng hạng thị trường lên thị trường mới nổi vào tháng 9 này.
data55_314,data55,2964.08,2972.98,Và nâng xếp hạng tín nhiệm quốc gia thì hy vọng là dòng vốn nước ngoài sẽ trở lại Việt Nam sớm và chúng ta sẽ có những tín hiệu mới từ cái lượng mua dòng từ nhà đầu tư nước ngoài.,Và nâng xếp hạng tín nhiệm quốc gia thì hy vọng là dòng vốn nước ngoài sẽ trở lại Việt Nam sớm và chúng ta sẽ có những tín hiệu mới từ cái lượng mua dòng từ nhà đầu tư nước ngoài.
data55_315,data55,2974.4,2980.06,Em xin kết thúc cuộc thảo luận hôm nay với một câu hỏi dành cho chị Giao liên quan đến thị trường trái phiếu doanh nghiệp.,Em xin kết thúc cuộc thảo luận hôm nay với một câu hỏi dành cho chị Giao liên quan đến thị trường trái phiếu doanh nghiệp.
data55_316,data55,2981.12,2991.1,Với các quỹ đầu tư bảo hiểm thì trái phiếu doanh nghiệp là một cái chiếm tỷ trọng lớn trong danh mục đầu tư và chúng ta cũng đã trải qua một cái gọi là tạm gọi là cơn bão về mặt khủng hoàng thị trường.,Với các quỹ đầu tư bảo hiểm thì trái phiếu doanh nghiệp là một chiếm tỷ trọng lớn trong danh mục đầu tư và chúng ta cũng đã trải qua một cái gọi là tạm gọi là cơn bão về mặt khủng hoảng thị trường trái phiếu.
data55_317,data55,2991.1,2999.88,Từ năm 2022 đến nay mặc dù là hiện nay các tín hiệu đã bắt đầu quay trở lại tuy nhiên là liệu với góc nhìn của các nhà đầu tư tổ chức.,Từ năm 2022 đến nay mặc dù là hiện nay các tín hiệu đã bắt đầu quay trở lại tuy nhiên là liệu với góc nhìn của các nhà đầu tư tổ chức.
data55_318,data55,2999.88,3004.38,Thì đâu là thuận lợi và giáo cản hiện nay của các nhà đầu tư khi tham gia thị trường.,Thì đâu là thuận lợi và rào càn hiện nay của các nhà đầu tư khi tham gia thị trường.
data55_319,data55,3006.55,3015.37,Cảm ơn câu hỏi của Chịu. Thì thật ra thì Chịu có nhắc đến cái vấn đề gọi là khủng hoảng năm 2022. Thì nếu mà.,Cảm ơn câu hỏi của Triều thì thật ra thì Triều có nhắc đến cái vấn đề gọi là khủng hoảng năm 2022 thì nếu mà nói.
data55_320,data55,3015.37,3031.55,Về số liệu thì so cái số liệu trước cái cuộc khủng hoảng đấy thì thực ra bây giờ kể cả đến 2024 và đến 5 tháng năm 2025 thì đâu đấy. 2024 mới cái tỷ lệ phát hành sơ cấp nó mới chỉ được hơn một nửa so với cái thời điểm cao.,Nói về số liệu thì so với cái số liệu trước cái cuộc khổ hoảng đấy thì thực ra bây giờ kể cả đến 2024 và đến 5 tháng năm 2025 thì đâu đấy 2024 mới cái tỷ lệ phát hành sơ cấp nó mới chỉ được hơn một nửa so với cái thời điểm cao nhất.
data55_321,data55,3031.79,3040.45,Đấy là cái thứ nhất về mặt số liệu. Và đến 5 tháng đầu năm nay thì nó cũng rất là trầm lắng mặc dù gọi là phục hồi so với thời điểm năm 22.,Đấy là cái thứ nhất về mặt số liệu và đến 5 tháng đầu năm nay thì nó cũng rất là chầm lắng mặc dù gọi là phục hồi so với thời điểm năm 2022.
data55_322,data55,3040.99,3049.71,Thì cái vấn đề nó nằm ở đâu thì nó ngoài cái vấn đề lòng tin là của thị trường khi mà đã bị khủng hoảng như vậy rồi thì thực ra.,Thì cái vấn đề nó nằm ở đâu. Thì nó. Ngoài cái vấn đề lòng tin. Là của thị trường khi mà đã bị khủng hoảng như vậy rồi. Thì thực ra thì.
data55_323,data55,3050.11,3057.73,Quan điểm của tôi là cái việc vấn đề lòng tin đã được gọi là chính phủ với các chính sách và bản thân nhà đầu tư sau cái cũ ngã.,Quan điểm của tôi là cái việc vấn đề lòng tin. Đã được gọi là chính phủ. Với các cái chính sách. Và bản thân nhà đầu tư sau cái cụ ngã đấy.
data55_324,data55,3058.03,3067.41,Đã khá là tỉnh táo hơn rất là nhiều rồi. Và bản thân các cái chính sách của. Ủa của ủy ban chứng khoán rồi bộ tài chính. Để siết chặt cái việc quản lý.,Đã khá là tỉnh táo hơn. Rất là nhiều rồi. Và bản thân các cái chính sách của. Bộ Tài chính. Để xiết chặt cái việc quản lý đấy.
data55_325,data55,3067.41,3076.09,"Thì khá là tốt trong cái việc là lọc ra những cái kênh nào là kênh công chúng, kênh nào là kênh phát hành riêng lẻ và có những cái.","Thì khá là tốt. Trong cái việc là lọc ra những cái kênh nào. Là kênh công chúng, kênh nào là kênh phát hành riêng lẻ. Và có những cái quy định."
data55_326,data55,3076.29,3085.31,Thì đấy là về mặt lòng tin thì đâu đó nó phục hồi được một chút. Nhưng mà về mặt cấu trúc thì lại đang có vấn đề. Cái vấn đề này chắc là em cũng xin phép.,Thì đấy là về mặt lòng tin. Thì đâu đó nó phục hồi được một chút. Nhưng mà về mặt cấu trúc. Thì lại đang có vấn đề. Cái vấn đề này chắc là em cũng xin phép.
data55_327,data55,3085.31,3095.01,Có anh Hiếu đây anh cũng mới nhắc ở phiên 1 là đang thảo luận về vấn đề trái phiếu doanh nghiệp thì em cũng xin phép là trả lời ờ tức là đề xuất luôn tức là.,"Có anh Hiếu đây, anh cũng mới nhắc. Ở phiên 1 là đang thảo luận về vấn đề trái phiếu doanh nghiệp. Thì em cũng xin phép là trả lời. Tức là đề xuất luôn. Tức là."
data55_328,data55,3095.73,3104.77,Đối với nếu mà mình nhìn về capital market tức là toàn bộ dòng vốn của nền kinh tế thì hai cái dòng.,Đối với. Nếu mà mình nhìn về capital market tức là toàn bộ dòng vốn của nền kinh tế thì hai cái dòng vốn.
data55_329,data55,3104.81,3109.98,Thì hiện nay là Việt Nam dựa rất nhiều vào ngân hàng đúng không ạ? Doanh nghiệp tư nhân nữa thứ là vào ngân hàng.,"Hiện nay Việt Nam giữ rất nhiều vào ngân hàng, doanh nghiệp tư nhân và ngân hàng."
data55_330,data55,3110.47,3120.54,Thứ hai mà chính phủ đặc biệt là bộ tài chính rất kỳ vọng là phát triển được cái thị trường vốn mà thị trường vốn ai là lớn nhất sau ngân hàng thì thực ra là khối doanh nghiệp bảo hiểm.,"Cách thứ hai mà chính phủ, đặc biệt là Bộ Tài chính rất kỳ vọng là phát triển được cái thị trường vốn. Mà thị trường vốn ai là lớn nhất ạ? Sau ngân hàng thì thực ra là khối doanh nghiệp bảo hiểm."
data55_331,data55,3121.1,3133.89,Mà kể cả các thống kê của ủy ban chứng khoán trong các quỹ đang quản lý nguồn tiền. Thì phải thật sự là hơn 70% đó là nguồn tiền của bảo hiểm. Tuy nhiên là ở đây là có cái vấn đề về chính sách giữa.,Mà kể cả các thống kê của Ủy ban chứng khoán trong các quỹ đang quản lý nguồn tiền thì phải thật sự là hơn 70% đó là nguồn tiền của bảo hiểm. Tuy nhiên là ở đây có vấn đề về chính sách giữa.
data55_332,data55,3134.15,3151.79,Bộ tài chính và ngân hàng nhà nước nó đang không xuyên suốt. Ở đây em có mấy cái đề cập như thế này. Thứ nhất là đối với bảo hiểm là một cái nguồn đối với em là. Quỹ của PVI thì nó là bảo hiểm phi nhân thọ thì nó ngắn hơn. Nhưng thực ra dòng tiền trên thị trường là nhiều của các cái quỹ bảo hiểm nhân.,"Bộ Tài chính và Ngân hàng nhà nước nó đang không xuyên suốt. Ở đây em có mấy cái đề cập như thế này. Thứ nhất là đối với bảo hiểm là một cái nguồn, đối với bên em là quỹ của PVI thì nó là bảo hiểm phi nhân thọ thì nó ngắn hơn. Nhưng thực ra là tiền trên thị trường là nhiều của các quỹ bảo hiểm nhân thọ."
data55_333,data55,3151.98,3159.14,Thì cái dòng tiền họ rất là dài hạn và ổn định và cái chi phí vốn nếu như mà cung cấp được ra cho các cái doanh nghiệp.,Thì cái dòng tiền của họ rất là dài hạn và ổn định Và cái chi phí vốn nếu như mà cung cấp được ra cho các doanh nghiệp để tài trợ
data55_334,data55,3159.15,3167.03,Thông qua thị trường vốn và đặc biệt là trái phiếu thì đâu đó nó cũng sẽ giúp cho doanh nghiệp rất là nhiều nhưng mà nó đang bị mấy cái quy định.,Thông qua thị trường vốn mà đặc biệt là trái phiếu thì đâu đó nó sẽ giúp cho doanh nghiệp rất là nhiều nhưng mà nó đang bị mấy cái quy định như thế này.
data55_335,data55,3167.03,3176.27,"Thứ nhất là đối với quy định, đối với đầu tư của các doanh nghiệp bảo hiểm là đang không cho phép doanh nghiệp được đầu tư vào các trái.",Thứ nhất là đối với quy định đối với đầu tư của các doanh nghiệp bảo hiểm là đang không cho phép doanh nghiệp được đầu tư vào các trái phiếu.
data55_336,data55,3176.27,3185.93,Mà là tái cấu trúc nợ. Thế thì nó có một cái bất cập là. Bộ tài chính đã nhìn nhận ở góc độ là. Doanh nghiệp bảo hiểm thì phải đầu tư vào những cái tài sản.,Mà là tái cấu trúc nợ thì nó có một cái bất cập là bộ tài chính đang nhìn nhận ở góc độ là doanh nghiệp bảo hiểm thì phải đầu tư vào những cái tài sản an toàn.
data55_337,data55,3185.93,3194.35,Thì mọi người đang nhìn nhận là tái cấu trúc nợ là xấu. Nhưng thực ra không phải. Tất cả tài công chức độ. Vì thực ra cái định nghĩa tài công chức nợ gì. Nó refinance.,Thì mọi người đang nhìn nhận là tái cấu trúc nợ là xấu. Nhưng thực ra không phải tất cả. Tại vì thực ra cái định nghĩa. Nó refinance thôi.
data55_338,data55,3194.35,3201.83,Thì ở thị trường Việt Nam nó đang bất cập là vì là thị trường trái phiếu nó không có thanh khoản này rồi nhà đầu tư cũng rất là.,Thì ở thị trường Việt Nam nó đang có một bất cập là. Vì là thị trường trái phiếu. Nó không có thanh khoản này. Rồi nhà đầu tư cũng rất là sợ.
data55_339,data55,3202.33,3212.33,Vẫn còn sợ cái vấn đề về trái phiếu đâm ra hầu hết các kỷ hạn trái phiếu nó chỉ là 3 năm 5 năm cùng lắm là các cái trái phiếu mà tiêu thu của ngân hàng mới lên được.,"Vẫn còn sợ cái vấn đề về trái phiếu đâm ra. Hầu hết các kỷ hạn trái phiếu. Nó chỉ là 3 năm, 5 năm. Cùng lắm là các cái trái phiếu mà tiêu thu của ngân hàng. Mới lên được 7 năm."
data55_340,data55,3212.73,3222.49,"Thế thì bây giờ rõ ràng một cái kỳ của một cái dự án nếu mà chỉ là bất động sản thôi, em nói thật là nó phải 7 năm đến 10 năm rồi nếu như mà là.",Thế thì bây giờ rõ ràng. Một cái kỳ của một cái dự án. Nếu mà chỉ là bất động sản thôi. Em nói thật là nó phải 7 năm đến 10 năm. Rồi nếu như mà là hạ tầng.
data55_341,data55,3222.49,3231.95,Là phải mấy chục năm. Thế thì bây giờ rõ ràng giữa cái mặt nhà đầu tư cái lòng tin người ta chưa đủ để người ta đi dài đến như thế thì doanh nghiệp muốn thu hút vốn người ta cũng chỉ.,Là phải mấy chục năm. Thế thì bây giờ rõ ràng giữa cái mặt nhà đầu tư. Cái lòng tin người ta chưa đủ để người ta đi dài đến như thế. Thì doanh nghiệp muốn thu hút vốn. Người ta cũng chỉ dám.
data55_342,data55,3231.95,3240.05,Để mà thành công người ta chỉ dám issue đến 5 năm thôi. Thế mà bây giờ lại chặn luôn cái đường là anh không được đầu tư cái khúc.,"Để mà thành công, người ta chỉ dám issue đến 5 năm thôi. Thế mà bây giờ lại chặn luôn. Cái đường là. Anh không được đầu tư cái khúc thứ 2."
data55_343,data55,3240.05,3249.19,Tức là một cái dự án tệ nhất là 7 năm hay 10 năm thì bây giờ gọi là doanh nghiệp người ta cũng sợ các doanh nghiệp bảo hiểm họ gây bỏ em là đại diện là quỹ đầu tư đi đầu tư cho doanh.,Tức là một cái dự án tệ nhất là 7 năm hay 10 năm. Thì bây giờ. Doanh nghiệp thì người ta cũng sợ. Các doanh nghiệp bảo hiểm họ gây bỏ em là đại diện. Là quỹ đầu tư đi đầu tư cho doanh nghiệp bảo hiểm.
data55_344,data55,3249.19,3257.01,Dám đầu tư đến 5 năm thôi quá sợ lắm. Thế thì nó vênh giữa bên cầu và bên cung. Và khi mà lại bị.,Dám đầu tư đến 5 năm thôi quá sợ lắm. Thế thì nó vanh giữa bên cầu. Và bên cung. Và khi mà lại bị một cái luật.
data55_345,data55,3257.11,3265.45,Nó quy định là không được đầu tư vào cái tái cấu trúc như thế thế là dẫn đến một việc là làm được đúng cái vòng đầu thôi tức xong doanh nghiệp.,Nó quy định là không được đầu tư. Vào cái tái cấu trúc như thế. Thế là dẫn đến một việc là làm được đúng cái vòng đầu thôi. Thế xong doanh nghiệp người ta.
data55_346,data55,3265.45,3275.03,Trả được 5 năm cho mình nhưng mình không được đi đầu tư tiếp. Mặc dù dự án đấy vẫn tốt. Doanh nghiệp đấy vẫn tốt. Nhưng không được đầu tư. Thế là nó tự nhiên nó chặn nguồn ở phía bảo hiểm.,Trả được 5 năm cho mình nhưng mình không được đi đầu tư tiếp. Mặc dù dự áp đấy vẫn tốt. Doanh nghiệp đấy vẫn tốt nhưng không được đầu tư. Thế là nó tự nhiên nó chặn nguồn. Cái nguồn ở phía bảo hiểm là.
data55_347,data55,3275.03,3284.69,Không tài trợ được vào trong cái thị trường vốn. Đấy là cái vấn đề thứ nhất. Cái vấn đề thứ hai mà. Thực ra bây giờ các doanh nghiệp bất động sản. Họ cũng sợ làm phát hành trái.,Không tài trợ được vào trong cái thị trường vốn. Đấy là cái vấn đề thứ nhất. Cái vấn đề thứ hai. Thực ra bây giờ các doanh nghiệp bất động sản. Họ cũng sợ làm phát hành trái phiếu.
data55_348,data55,3285.19,3294.31,Đi gặp tất cả những cái top doanh nghiệp bất động sản mà tốt nhất trên thị trường để mà em làm việc thậm chí mình gọi là sẵn sàng ngồi cấu.,Em đi gặp tất cả những cái top. Doanh nghiệp bất động sản. Mà tốt nhất trên thị trường. Để bọn em làm việc. Thậm chí mình gọi là sẵn sàng ngồi cấu trúc với họ.
data55_349,data55,3294.41,3303.61,Làm sao ra một cái gói trái phiếu nó đáp ứng nhu cầu của doanh nghiệp cũng như là gọi là khớp với cái khẩu vị rủi ro của bên quỹ đầu tư mà bên bảo hiểm.,Để làm sao ra một cái gói trái phiếu. Nó đáp ứng nhu cầu của doanh nghiệp. Cũng như là khớp với cái khẩu vị rủi ro. Do của bên quỹ đầu tư mà bên bảo hiểm.
data55_350,data55,3304.27,3308.43,Thì nó lại gặp một vấn đề là bây giờ cái quy định về trái phiếu do xít chặt.,Thì nó lại gặp một vấn đề là bây giờ cái quy định về trái phiếu do siết chặt quá.
data55_351,data55,3308.75,3314.63,Thế lại quy định là ngày xưa nó còn có là tài trợ bốn lưu động này thì bây giờ chỉ được tài trợ vào đúng dự án.,Thế lại quy định là ngày xưa nó còn có là tài trợ vốn lưu động này. Thì bây giờ chỉ được tài trợ vào đúng dự án thôi.
data55_352,data55,3315.03,3321.47,Công ty bất động sản thì họ lại đang là. Thông thường họ sẽ phải đặt mỗi một dự án là một cái công ty con ở.,Thế nhưng công ty bất động sản thì họ lại đang là... Thông thường họ sẽ phải đặt mỗi một dự án là một cái công ty con ở dưới.
data55_353,data55,3322.11,3326.23,Thì bây giờ quy định mà gọi là tài trợ dự án có nghĩa là dự án đó phải nằm luôn công ty mẹ.,Thế bây giờ quy định mà gọi là tài trợ dự án có nghĩa là dự án nó phải nằm luôn công ty mẹ cơ.
data55_354,data55,3326.63,3336.17,Thế nhưng mà cách cấu trúc của các cái công ty bất động sản thì họ thường là để xuống công ty con và họ phát hành trái phiếu để muốn góp vốn vào cái công ty con thì cũng là tài trợ dự án.,Thế nhưng mà cách mà cấu trúc của các cái công ty bất động sản. Thì họ thường là để xuống công ty con. Và họ phát hành trái phiếu. Để muốn góp vốn vào công ty con. Thì cũng là tài trợ dự án.
data55_355,data55,3336.57,3344.43,Thế nhưng bây giờ cái định nghĩa đấy nó đang bị gọi là nó khấp khiển và dưới cái cách nhìn của cơ quan.,Thế nhưng bây giờ cái định nghĩa đấy. Nó đang bị gọi là. Nó khấp khiển vào. Giới cái cách nhìn của cơ quan quản lý.
data55_356,data55,3344.43,3352.91,Khi xét diệp hồ sơ lại đang bảo là đấy không phải là tài trợ dự án mà đấy là đi góp vốn thì lại chưa chắc đã được dùng vào cái mục đích sử dụng vốn đấy. Đấy.,Mà khi xét dịp hồ sơ lại đang bảo là đấy không phải. Là tài trợ dự án mà đấy lại đi góp vốn. Thì chưa chắc đã được dùng vào cái mục đích sử dụng vốn đấy. Đấy và.
data55_357,data55,3353.29,3359.77,Và một cái vấn đề nữa mà nó nằm ở cái việc là từ mùng 1 tháng 7 năm ngoái thì là ngân hàng nhà nước.,Và một cái vấn đề nữa. Mà nó nằm ở cái việc là. Từ 1 tháng 7 năm ngoái. Thì là ngân hàng nhà nước.
data55_358,data55,3360.17,3365.29,Thì lại có một cái quy định mà làm cho là các cái ngân hàng thương.,Thì lại có một cái quy định mà làm cho là các cái ngân hàng thương mại.
data55_359,data55,3365.29,3372.05,Thì lại đâu đó là hiểu được là không được tham gia quản lý tài sản đảm bảo cho các cái gói phát hành trái.,Thì lại đâu đó là hiểu được là không được tham gia quản lý tài sản đảm bảo cho các cái gói phát hành trái phiếu.
data55_360,data55,3372.05,3381.67,Thế là từ mùng 1 tháng 7 năm ngoài đến giờ thì thực sự là bọn em cũng rất khó để mà đầu tư bởi vì lúc đấy thì chỉ còn là trái phiếu hoặc là.,Thế là từ mùa 1 tháng 7 năm ngoái đến giờ thì thực sự là bọn em cũng rất khó để mà đầu tư. Bởi vì lúc đấy thì chỉ còn là trái phiếu hoặc là trơn.
data55_361,data55,3381.97,3390.27,Không có cái tài sản đảm bảo gì hoặc là trái phiếu mà coi như là đảm bảo bằng cổ phiếu thế ra là những cái hình thức đấy nó rất rủi ro.,Không có cái tài sản đảm bảo gì. Hoặc là trái phiếu mà coi như là đảm bảo bằng cổ phiếu. Thế gian là những hình thức đấy nó rất rủi ro.
data55_362,data55,3390.59,3400.05,Thì bây giờ nếu như không cho ông ngân hàng nào thì ai làm thì bộ tài chính phải có một cái ban hành là bây giờ cho phép ai làm cái đó chứ bây giờ nó để chống cả một cái hành lang.,Thì bây giờ nếu như không cho ông ngân hàng nào. Thì ai làm. Thì bộ tài chính phải có một cái ban hành là bây giờ. Cho phép ai làm cái đó. Chứ bây giờ nó để chống cả một cái hành lang như thế.
data55_363,data55,3400.05,3409.15,Rất là khó cho cả doanh nghiệp lẫn nhà đầu tư. Nên thật sự là cái sụt giảm của cái thị trường trái chiếu đấy nó không phải chỉ là phần lòng tin.,Rất là khó cho cả doanh nghiệp. Lẫn nhà đầu tư. Nên thật sự là cái sụt giảm. Của cái thị trường trái siêu đấy. Nó không phải chỉ là phần lòng tin đâu.
data55_364,data55,3409.15,3418.01,"Lòng tin nó đã khôi phục được rồi. Bởi vì bản chất các nhà đầu tư tổ chức như quỹ đầu tư hay là doanh nghiệp bảo hiểm. Họ là những nhà đầu tư chuyên nghiệp, họ hoàn toàn có đủ năng lực, họ đánh giá.",Em nghĩ là lòng tin nó đã khôi phục được rồi. Bởi vì bản chất các nhà đầu tư tổ chức như quỹ đầu tư. Hay là doanh nghiệp bảo hiểm. Họ là những nhà đầu tư chuyên nghiệp. Họ hoàn toàn có đủ năng lực để họ đánh giá được.
data55_365,data55,3418.53,3427.71,Thế nhưng mà bây giờ nó lại đang về vấn đề gọi là cấu trúc của thị trường và dẫn đến cái việc là hồi xưa các doanh nghiệp bất động sản thì thông thường là cái cấu trúc phát hành trái phiếu.,Thế nhưng mà bây giờ nó lại đang về vấn đề. Gọi là cấu trúc của thị trường. Và dẫn đến cái việc là hồi xưa. Các doanh nghiệp bất động sản thì thông thường là. Cái cấu trúc phát hành trái phiếu.
data55_366,data55,3427.71,3436.73,"Là nó đang là thường thường là một phần ba sẽ là ngân hàng, một phần ba bất động sản, còn lại là các ông khác. Thế nhưng bây giờ 77%.",Là nó đang là thường thường là. Một phần ba sẽ là ngân hàng. Một phần ba bất động sản còn lại là các ông khác. Thế nhưng bây giờ 77%.
data55_367,data55,3437.17,3442.61,Là ngân hàng thì cuối cùng bọn em còn lại là lại đi bơm vốn bằng trái phiếu cho ông ngân hàng.,Là ngân hàng. Thì cuối cùng bọn em còn lại là lại đi. Bơm vốn bằng trái phiếu cho ông ngân hàng.
data55_368,data55,3443.09,3448.79,Thế thì nó lại không còn một cái mục đích chung của cả chính phủ là muốn phát triển cái thị trường vốn.,Thế thì nó lại không còn một cái mục đích chung của cả chính phủ là muốn phát triển cái thị trường vốn nữa.
data55_369,data55,3448.99,3458.37,Và bây giờ lại cứ như bảo hiểm chẳng có cái gì để mua thì lại quay ra phải mua trái phiếu ngân hàng. Đấy thì nó là một cái bất cập mà thực sự là bây giờ hiện tại nó đang là như thế.,Và bây giờ lại gương như bảo hiểm chẳng có cái gì để mua thì lại quay ra phải mua trái phiếu ngân hàng. Đấy thì nó là một cái bất cập mà thực sự là bây giờ hiện tại nó đang là như thế.
data55_370,data55,3458.83,3465.41,Và nếu mà nói xét về góc độ là kênh đầu tư trái phiếu thì thực ra đối với các nhà đầu tư nó vẫn là một cái.,Và nếu mà nói xét về góc độ là kênh đầu tư trái phiếu thì thực ra đối với cả nhà đầu tư nó vẫn là một cái kênh.
data55_371,data55,3465.41,3475.13,"Nếu ở các thị trường khác nó kênh cũng rất là lớn so với cả cổ phiếu nhưng ở thị trường mình thì nó bị những cái khủng hoảng niềm tin, nó bị những cái vấn đề cấu trúc nó chưa hoàn thiện.",Nếu ở các thị trường khác nó kênh cũng rất là lớn so với cả cổ phiếu. Nhưng ở thị trường mình thì nó bị những cái khủng hoảng niềm tin. Nó bị những cái vấn đề cấu trúc nó chưa hoàn thiện như vậy.
data55_372,data55,3475.13,3482.49,"Kể cả những vấn đề về định mức tín nhiệm nó cũng chưa, chưa ấy vào vấn đề thanh khoản nữa thì thực sự là đối với nhà đầu tư tổ chức đã khó khăn.",Rồi kể cả những vấn đề về định bức tiến nhiệm nó cũng chưa ấy vào vấn đề thanh khoản nữa. Thì thực sự là đối với nhà đầu tư chủ trức đã khó khăn rồi.
data55_373,data55,3482.49,3490.05,Đối với nhà đầu tư cá nhân thì cũng rất là khó tham gia nên thực sự thì nó vẫn là kênh an toàn và nó ổn định so với cổ.,Thì đối với nhà đầu tư cá nhân thì cũng rất là khó tham gia. Nên thực sự thì nó vẫn là kênh an toàn và nó ổn định so với cổ phiếu.
data55_374,data55,3490.05,3497.39,Cái lời khuyên nếu mà hỏi đối với nhà đầu tư cá nhân thì nên là đầu tư qua quỹ thì người ta sẽ có đủ năng lực giúp thẩm định.,Nhưng mà cái lời khuyên mà nếu mà hỏi là đối với nhà đầu tư cá nhân. Thì nên là đầu tư qua quỹ thì người ta sẽ có đủ năng lực để giúp thẩm định hơn.
data55_375,data55,3497.39,3499.27,Thì đấy là cái phần trả lời của tôi.,Thì đấy là cái phần trả lời của tôi.
data55_376,data55,3499.29,3527.27,Cảm ơn chia sẻ của chị Giao. Thì thực ra là với vai trò là một cái đơn vị mà làm IB trên thị trường. Thì em cũng rất là chia sẻ về những cái quan điểm của chị Giao. Về những cái hạn chế về mặt luật pháp khi mà phát hành trái phiếu. Cũng chia sẻ luôn với anh chị là nhiều khi bọn em đi gặp doanh nghiệp. Thì doanh nghiệp sẽ bảo là làm trái phiếu để làm gì. Bởi vì thực ra trong điều kiện tiến dụng. Ví dụ như 6 tháng đầu năm rất là dư thừa. Như hiện nay các ngân hàng chào mời. Tại sao phải đi làm trái phiếu để suốt ngày thanh kiểm tra báo cáo.,"Vâng, cảm ơn chia sẻ của chị Giao. Thì thực ra là với vai trò là một cái đơn vị mà làm IP trên thị trường thì em cũng rất là chia sẻ về những cái quan điểm của chị Giao về những cái hạn chế về mặt luật pháp khi mà phát hành trái phiếu. Cũng chia sẻ luôn với các anh chị là nhiều khi bọn em đi gặp doanh nghiệp thì doanh nghiệp sẽ bảo là làm trái phiếu để làm gì. Bởi vì thực ra trong điều kiện tín dụng, ví dụ như 6 tháng đầu năm rất là dư thừa như hiện nay, các ngân hàng trò mời tại sao phải đi làm trái phiếu để suốt ngày thanh kiểm tra báo cáo."
data55_377,data55,3527.39,3534.91,Vì cơ chế thanh kiểm tra báo cáo trái phiếu chiều khi còn mệt mỏi hơn báo cáo khoản vay trong ngân hàng rất là nhiều chị Giao có nhắc đến là trái phiếu cơ cấu.,Vì cơ chế thanh kiểm tra báo cáo trái phiếu nhiều khi còn mệt mỏi hơn báo cáo khoản vay cho ngân hàng rất là nhiều chị Giao có nhắc đến là trái phiếu cơ cấu nợ.
data55_378,data55,3534.91,3543.21,Thì có một cái độ lệch rất là lớn giữa chính sách và thực tế. Chính sách thì bộ tài chính cho phép doanh nghiệp phát hành trái phiếu với mục đích cơ cấu nợ.,Thì có một kích độ lệch rất là lớn giữa chính sách và thực tế chính sách thì Bộ Tài chính cho phép doanh nghiệp phát hành trái phiếu với mục đích cơ cấu nợ.
data55_379,data55,3543.21,3551.21,"Nhưng mà theo luật thì là ngân hàng, tức là những cái key player trên thị trường thì gồm chỉ có ngân hàng, công ty bảo hiểm, quỹ đầu tư.","Nhưng mà theo luật thì là ngân hàng, tức là những cái key player trên thị trường thì gồm chỉ có ngân hàng công ty bảo hiểm, quý đầu tư bảo hiểm."
data55_380,data55,3551.21,3559.33,Và khách hàng cá nhân thì ngân hàng không được đầu tư khách hàng trái phiếu tài cơ cấu công ty bảo hiểm cũng không được đầu tư trái phiếu tài cơ cấu như vậy là thực ra cuối cùng.,"Và khách hàng cá nhân, thì ngân hàng không được đầu tư khách hàng trái phiếu tài cơ cấu. Công ty bảo hiểm cũng không được đối tư trái phiếu. Tài cơ cấu như vậy là thực ra cuối cùng."
data55_381,data55,3559.33,3569.11,"Thành ra mình đẩy cái rủi ro cho nhà đầu tư cá nhân. Thì em cũng rất là hy vọng là với những cái chia sẻ của anh Hiếu về mặt là thể chế, cởi trói, bỏ đi những cái chính.",Lại thành ra mình đẩy cái rủi ro cho nhà đối tư cá nhân. Thì em cũng rất là hy vọng. Với những cái chia sẻ của anh Hiếu. Về mặt là thể chế cởi trói. Bỏ đi những cái chính sách.
data55_382,data55,3569.11,3577.21,"Gọi không quản lý được thì cấm thì chúng ta sẽ có một cái thị trường trái phiếu doanh nghiệp phát triển hơn, minh bạch hơn, bền vững hơn. Vâng, em xin phép.","Về mặt gọi không quản lý được thì cấm. Thì chúng ta sẽ có một cái thị trường trái phiếu doanh nghiệp. Phát triển hơn, minh bạch hơn, bền vững hơn. Vâng, em xin phép là."
data55_383,data55,3579.19,3584.63,Dừng cái cuộc trao đổi của cái phiên thảo luận thứ hai về các kênh đầu tư trong thị trường đầy biến động.,Dừng cái cuộc trao đổi. Của cái phiên thảo luận thứ 2. Về các kênh đầu tư trong thị trường đầy biến động hôm nay.
data55_384,data55,3584.69,3592.05,Hy vọng là các nhà đầu tư trong hội trường chúng ta cũng thu được những cái thông tin rất là hữu ích trong cái chiến lược đầu tư và phân bổ tài sản.,Hy vọng là các nhiều đầu tư trong hội trường chúng ta cũng thu được những cái thông tin rất là hữu ích trong cái chiến lược đầu tư và phân bổ tài sản của mình.
